{"type":"FeatureCollection","features":[{"type":"Feature","id":"Alabama","properties":{"name":"Alabama"},"geometry":{"type":"MultiPolygon","coordinates":[[[[-88.04374,30.51742],[-88.05325,30.50616],[-88.02592,30.4908],[-88.02473,30.50309],[-88.02473,30.5164],[-88.03661,30.52049],[-88.04374,30.51742]]],[[[-88.26727,30.35381],[-88.27321,30.33329],[-88.25776,30.31893],[-88.24826,30.32611],[-88.24826,30.34663],[-88.25063,30.36714],[-88.26009,30.37167],[-88.26133,30.37226],[-88.26727,30.35381]]],[[[-88.33076,30.23503],[-88.32466,30.22317],[-88.30535,30.22141],[-88.29617,30.22172],[-88.27943,30.22229],[-88.20776,30.23678],[-88.18814,30.23888],[-88.1666,30.24117],[-88.14474,30.23898],[-88.125,30.23164],[-88.10733,30.22508],[-88.0929,30.24073],[-88.07879,30.24504],[-88.07586,30.24614],[-88.07485,30.24912],[-88.08681,30.25986],[-88.12466,30.28364],[-88.12472,30.27354],[-88.13063,30.26213],[-88.14373,30.26049],[-88.15897,30.25786],[-88.17778,30.25786],[-88.22555,30.25083],[-88.26164,30.24469],[-88.28857,30.23854],[-88.30433,30.23766],[-88.33076,30.23503]]],[[[-88.47323,31.89386],[-88.47264,31.87515],[-88.47121,31.85139],[-88.47111,31.85095],[-88.46983,31.8193],[-88.46867,31.79072],[-88.46511,31.72231],[-88.46443,31.69795],[-88.46443,31.69788],[-88.46385,31.68889],[-88.45972,31.624],[-88.45948,31.62165],[-88.45633,31.56251],[-88.45329,31.50538],[-88.45301,31.50016],[-88.45158,31.48153],[-88.45104,31.45945],[-88.44957,31.43583],[-88.44957,31.43583],[-88.44866,31.42128],[-88.44869,31.42089],[-88.44521,31.35597],[-88.44518,31.35585],[-88.43878,31.25265],[-88.43898,31.2469],[-88.43821,31.23125],[-88.4381,31.23006],[-88.43351,31.14279],[-88.43201,31.1143],[-88.42581,31.00112],[-88.42573,31.00018],[-88.42564,30.9983],[-88.41956,30.87519],[-88.41863,30.86653],[-88.41848,30.86328],[-88.41825,30.85856],[-88.41481,30.78561],[-88.41245,30.7356],[-88.41227,30.73177],[-88.41221,30.7304],[-88.41155,30.71296],[-88.41134,30.70633],[-88.40957,30.66873],[-88.40807,30.63697],[-88.40806,30.63692],[-88.40746,30.63165],[-88.40748,30.62274],[-88.40601,30.58976],[-88.40401,30.54506],[-88.40393,30.54336],[-88.40355,30.5331],[-88.40228,30.51085],[-88.40197,30.50467],[-88.4004,30.47424],[-88.4004,30.47422],[-88.39502,30.36942],[-88.37467,30.38561],[-88.36402,30.38801],[-88.34135,30.38947],[-88.33228,30.38844],[-88.3196,30.38033],[-88.31652,30.36998],[-88.31161,30.36891],[-88.29065,30.37074],[-88.28883,30.3735],[-88.28263,30.38288],[-88.26069,30.38238],[-88.20449,30.3621],[-88.20006,30.36238],[-88.19651,30.35798],[-88.18853,30.34812],[-88.18853,30.34505],[-88.19635,30.34359],[-88.19836,30.33882],[-88.19566,30.32124],[-88.19154,30.317],[-88.17197,30.32468],[-88.15578,30.32718],[-88.13617,30.32073],[-88.12805,30.33851],[-88.12461,30.34162],[-88.11543,30.35657],[-88.10727,30.37725],[-88.10407,30.4273],[-88.10638,30.45209],[-88.10644,30.45274],[-88.10065,30.46122],[-88.09687,30.47105],[-88.10299,30.49303],[-88.10377,30.5009],[-88.10087,30.50975],[-88.09073,30.52357],[-88.08976,30.5242],[-88.08279,30.52871],[-88.08162,30.54632],[-88.08549,30.56326],[-88.08459,30.5646],[-88.0749,30.57889],[-88.0649,30.58829],[-88.05602,30.60799],[-88.054,30.61249],[-88.0596,30.61909],[-88.062,30.64489],[-88.05236,30.64908],[-88.04434,30.65257],[-88.03459,30.65371],[-88.02671,30.66149],[-88.02208,30.67387],[-88.01244,30.68319],[-88.00973,30.68437],[-88.0084,30.68496],[-87.9812,30.67509],[-87.96988,30.6678],[-87.95599,30.65886],[-87.93672,30.65743],[-87.93107,30.65269],[-87.92852,30.64907],[-87.91935,30.63606],[-87.91739,30.63023],[-87.91253,30.61579],[-87.91496,30.58589],[-87.91143,30.57626],[-87.90789,30.57311],[-87.90417,30.56599],[-87.90242,30.55525],[-87.90171,30.55088],[-87.90534,30.53757],[-87.90859,30.531],[-87.91114,30.52585],[-87.93336,30.48736],[-87.93308,30.48618],[-87.9319,30.4811],[-87.92421,30.4761],[-87.92003,30.47065],[-87.91414,30.44614],[-87.90891,30.41424],[-87.90634,30.40938],[-87.86502,30.38345],[-87.85381,30.37848],[-87.84513,30.37745],[-87.84324,30.3755],[-87.83724,30.36932],[-87.82988,30.35381],[-87.80927,30.3327],[-87.79672,30.3242],[-87.77276,30.3117],[-87.75552,30.29122],[-87.75547,30.2885],[-87.75537,30.28326],[-87.75526,30.27729],[-87.76663,30.26235],[-87.78775,30.25424],[-87.80209,30.25305],[-87.81774,30.25429],[-87.86008,30.24029],[-87.87934,30.23859],[-87.8932,30.23924],[-87.90046,30.24153],[-87.91376,30.24784],[-87.91825,30.25331],[-87.93604,30.26147],[-87.94898,30.25656],[-87.96685,30.23562],[-88.02399,30.23039],[-88.02927,30.22271],[-88.0284,30.22113],[-88.01457,30.22237],[-88.0,30.22575],[-87.96225,30.22952],[-87.92612,30.23037],[-87.83846,30.22718],[-87.83148,30.22759],[-87.80056,30.22937],[-87.73553,30.24068],[-87.6891,30.24601],[-87.65689,30.24971],[-87.58221,30.26904],[-87.58136,30.26926],[-87.5581,30.27444],[-87.54453,30.27566],[-87.51832,30.28044],[-87.51838,30.2839],[-87.50941,30.29219],[-87.4669,30.30226],[-87.46414,30.3118],[-87.48567,30.30894],[-87.49285,30.3118],[-87.49302,30.31211],[-87.49616,30.31799],[-87.49064,30.32323],[-87.48948,30.32365],[-87.48126,30.32657],[-87.46488,30.3333],[-87.46298,30.334],[-87.45998,30.3363],[-87.45228,30.3441],[-87.45097,30.34626],[-87.45198,30.3603],[-87.45188,30.365],[-87.45138,30.3672],[-87.44908,30.3704],[-87.44183,30.3763],[-87.43868,30.38079],[-87.43868,30.38209],[-87.44088,30.38669],[-87.44118,30.38859],[-87.44068,30.39149],[-87.43728,30.39589],[-87.43428,30.39749],[-87.43178,30.40319],[-87.43068,30.40485],[-87.42958,30.40649],[-87.42618,30.40919],[-87.42268,30.41009],[-87.41918,30.41019],[-87.41318,30.40899],[-87.40888,30.40879],[-87.40349,30.41019],[-87.40179,30.41139],[-87.39878,30.41509],[-87.39568,30.41759],[-87.38639,30.42049],[-87.38435,30.42163],[-87.38209,30.42289],[-87.37118,30.43049],[-87.3682,30.4334],[-87.36762,30.43458],[-87.3666,30.43664],[-87.36695,30.44047],[-87.36869,30.44462],[-87.37078,30.44686],[-87.37827,30.44919],[-87.38119,30.45009],[-87.39199,30.45159],[-87.39689,30.45059],[-87.39989,30.45099],[-87.40469,30.45289],[-87.40788,30.45639],[-87.41469,30.45729],[-87.42509,30.46559],[-87.42959,30.47059],[-87.43059,30.47659],[-87.43159,30.47769],[-87.43469,30.47919],[-87.43559,30.48049],[-87.43477,30.48187],[-87.43299,30.48489],[-87.43059,30.49109],[-87.43119,30.49579],[-87.43828,30.50535],[-87.4397,30.50664],[-87.44323,30.50677],[-87.44472,30.50748],[-87.44771,30.51045],[-87.44779,30.5119],[-87.44731,30.51262],[-87.44651,30.51356],[-87.44519,30.51397],[-87.44495,30.51493],[-87.44643,30.5203],[-87.44659,30.52706],[-87.43545,30.54913],[-87.43497,30.54959],[-87.43145,30.55025],[-87.4279,30.55415],[-87.42605,30.56006],[-87.42337,30.56141],[-87.42281,30.56137],[-87.42242,30.56043],[-87.42094,30.56066],[-87.41866,30.56182],[-87.41667,30.56629],[-87.41696,30.56799],[-87.41852,30.56955],[-87.41836,30.57003],[-87.41627,30.57244],[-87.41452,30.57344],[-87.41272,30.57322],[-87.41248,30.57386],[-87.41247,30.57388],[-87.40875,30.58369],[-87.40657,30.59991],[-87.40461,30.60337],[-87.40119,30.60438],[-87.39928,30.6056],[-87.39732,30.60871],[-87.39504,30.61527],[-87.39507,30.61589],[-87.39644,30.61689],[-87.39644,30.61772],[-87.39567,30.62336],[-87.39449,30.62518],[-87.39379,30.62699],[-87.3936,30.63087],[-87.39595,30.64395],[-87.3972,30.6481],[-87.39619,30.65044],[-87.39727,30.65433],[-87.40019,30.6572],[-87.40072,30.65713],[-87.40589,30.6666],[-87.40713,30.67178],[-87.40657,30.674],[-87.40697,30.67515],[-87.41275,30.67804],[-87.41954,30.67996],[-87.4249,30.68336],[-87.43038,30.68863],[-87.43603,30.68865],[-87.43982,30.69046],[-87.44011,30.69072],[-87.44229,30.69266],[-87.44359,30.69459],[-87.44937,30.69889],[-87.45141,30.69979],[-87.45696,30.69754],[-87.46635,30.70082],[-87.46773,30.70166],[-87.47041,30.70526],[-87.47444,30.70657],[-87.47959,30.71285],[-87.47983,30.71493],[-87.48123,30.71649],[-87.48704,30.71848],[-87.49678,30.72033],[-87.49752,30.7201],[-87.50233,30.72157],[-87.50516,30.72629],[-87.51174,30.73351],[-87.52362,30.73829],[-87.53262,30.74347],[-87.53537,30.74975],[-87.53542,30.75474],[-87.53654,30.76136],[-87.53709,30.76251],[-87.54227,30.76748],[-87.54617,30.772],[-87.54537,30.77408],[-87.54505,30.77864],[-87.55206,30.78623],[-87.55296,30.78692],[-87.55485,30.7871],[-87.55949,30.79042],[-87.56007,30.79223],[-87.56422,30.79622],[-87.56815,30.79906],[-87.57205,30.80051],[-87.57686,30.80814],[-87.58188,30.81238],[-87.58788,30.81501],[-87.5943,30.81696],[-87.60049,30.8206],[-87.60164,30.82511],[-87.60358,30.8286],[-87.60578,30.83128],[-87.61099,30.83261],[-87.61593,30.83467],[-87.61537,30.837],[-87.61729,30.84033],[-87.62414,30.84568],[-87.62608,30.84647],[-87.62733,30.84793],[-87.6265,30.85185],[-87.62538,30.85433],[-87.62623,30.8571],[-87.62825,30.8601],[-87.63494,30.86586],[-87.63484,30.86611],[-87.62999,30.87766],[-87.62946,30.88009],[-87.62441,30.88467],[-87.62207,30.88538],[-87.62079,30.88746],[-87.62093,30.88989],[-87.62252,30.89365],[-87.62221,30.89748],[-87.62072,30.8989],[-87.61602,30.90142],[-87.61496,30.9042],[-87.61422,30.90851],[-87.61185,30.91451],[-87.61021,30.9166],[-87.60827,30.92187],[-87.60782,30.92446],[-87.60269,30.93425],[-87.6007,30.93704],[-87.59831,30.93876],[-87.5969,30.9411],[-87.59206,30.95146],[-87.5892,30.96443],[-87.59093,30.96938],[-87.59306,30.97293],[-87.59412,30.9763],[-87.59417,30.97754],[-87.59269,30.98011],[-87.5934,30.98293],[-87.59673,30.98758],[-87.59918,30.99569],[-87.59894,30.99742],[-87.59883,30.99742],[-87.57129,30.99784],[-87.54855,30.99789],[-87.51953,30.99755],[-87.49838,30.99788],[-87.48842,30.99804],[-87.48026,30.99817],[-87.47972,30.99816],[-87.47872,30.99818],[-87.46689,30.99815],[-87.46684,30.99815],[-87.4618,30.99817],[-87.46165,30.99817],[-87.45867,30.99835],[-87.45572,30.99828],[-87.44983,30.99824],[-87.43231,30.99817],[-87.42579,30.99806],[-87.36786,30.99826],[-87.36403,30.99819],[-87.36387,30.99819],[-87.35568,30.99821],[-87.34784,30.99822],[-87.334,30.99824],[-87.31221,30.9984],[-87.30405,30.99816],[-87.30159,30.9984],[-87.29102,30.99832],[-87.28893,30.99832],[-87.26559,30.99824],[-87.26056,30.99817],[-87.25971,30.99814],[-87.25799,30.99823],[-87.25703,30.99816],[-87.25562,30.99819],[-87.255,30.99826],[-87.23771,30.99636],[-87.22477,30.99714],[-87.1748,30.99866],[-87.16365,30.999],[-87.16362,30.999],[-87.16264,30.99903],[-87.14079,30.9995],[-87.125,30.99877],[-87.1189,30.9994],[-87.11508,30.99938],[-87.06867,30.99911],[-87.0641,30.99916],[-87.05377,30.9991],[-87.04002,30.99957],[-87.0364,30.99932],[-87.02714,30.99923],[-87.0044,30.99929],[-86.99851,30.99863],[-86.92785,30.99768],[-86.88818,30.99755],[-86.87303,30.99761],[-86.83198,30.99735],[-86.83054,30.99738],[-86.78597,30.99695],[-86.78569,30.99695],[-86.74529,30.99627],[-86.72844,30.99672],[-86.72734,30.99686],[-86.72543,30.99685],[-86.70631,30.99468],[-86.68831,30.99457],[-86.67843,30.99451],[-86.66473,30.99451],[-86.56764,30.99509],[-86.56349,30.9952],[-86.54249,30.99425],[-86.54249,30.99425],[-86.52,30.99322],[-86.51289,30.99368],[-86.50001,30.99332],[-86.45838,30.99398],[-86.45477,30.99377],[-86.40498,30.99403],[-86.392,30.99415],[-86.38871,30.99416],[-86.38865,30.99416],[-86.37461,30.99446],[-86.36934,30.99446],[-86.36497,30.99444],[-86.30467,30.99401],[-86.28932,30.99378],[-86.28885,30.99378],[-86.25652,30.99384],[-86.23841,30.99435],[-86.18725,30.99403],[-86.18031,30.99399],[-86.17528,30.99378],[-86.16906,30.99369],[-86.16296,30.99367],[-86.13274,30.99316],[-86.117,30.9929],[-86.05629,30.99312],[-86.05254,30.99323],[-86.03512,30.99331],[-86.03504,30.99331],[-85.99873,30.99286],[-85.96567,30.99305],[-85.89363,30.99346],[-85.83113,30.99405],[-85.83112,30.99405],[-85.75003,30.99483],[-85.74971,30.99528],[-85.64626,30.99596],[-85.58329,30.99637],[-85.49838,30.99692],[-85.49799,30.99693],[-85.4883,30.99708],[-85.38175,30.99874],[-85.32906,30.99955],[-85.32892,30.99956],[-85.24375,31.00088],[-85.24009,31.00088],[-85.15458,31.00083],[-85.15234,31.00083],[-85.15221,31.00089],[-85.14596,31.00069],[-85.05766,31.00058],[-85.05493,31.00058],[-85.05222,31.00058],[-85.03128,31.00065],[-85.03024,31.00065],[-85.02764,31.00067],[-85.02424,31.00068],[-85.0025,31.00068],[-85.0015,31.00504],[-85.01139,31.05355],[-85.02358,31.0755],[-85.0266,31.08096],[-85.03562,31.10819],[-85.05287,31.11949],[-85.07663,31.15693],[-85.09341,31.16233],[-85.10752,31.18645],[-85.1065,31.1895],[-85.09977,31.20975],[-85.09884,31.23252],[-85.11455,31.2763],[-85.10146,31.28619],[-85.08977,31.29503],[-85.08883,31.30865],[-85.08666,31.33999],[-85.09249,31.36288],[-85.08769,31.37423],[-85.07758,31.39812],[-85.07998,31.41047],[-85.06601,31.43136],[-85.07162,31.46838],[-85.04728,31.51394],[-85.04556,31.51716],[-85.04499,31.51823],[-85.04188,31.54468],[-85.05796,31.57084],[-85.06216,31.62291],[-85.08273,31.64977],[-85.12553,31.69496],[-85.11893,31.73266],[-85.12869,31.76388],[-85.13384,31.78035],[-85.13653,31.78896],[-85.13123,31.81526],[-85.13247,31.81806],[-85.14183,31.83926],[-85.12984,31.88351],[-85.12818,31.88515],[-85.11993,31.89326],[-85.08213,31.94466],[-85.07533,31.96386],[-85.0632,31.99186],[-85.05382,32.0135],[-85.04934,32.06244],[-85.04706,32.08739],[-85.05875,32.13602],[-85.01127,32.18049],[-84.96173,32.19865],[-84.96463,32.20355],[-84.97933,32.20725],[-84.96743,32.21935],[-84.95942,32.21988],[-84.92503,32.22215],[-84.92143,32.23085],[-84.91403,32.24875],[-84.88946,32.26193],[-84.88943,32.26194],[-84.9338,32.29826],[-84.95645,32.30616],[-85.00187,32.32202],[-85.0081,32.33668],[-84.98347,32.36319],[-84.98191,32.38019],[-84.98115,32.38188],[-84.98002,32.38436],[-84.97708,32.39082],[-84.97517,32.41493],[-84.96343,32.42254],[-84.96848,32.43474],[-84.97183,32.44284],[-84.98004,32.44648],[-84.99495,32.45307],[-84.99533,32.45324],[-84.99529,32.46192],[-84.99528,32.46503],[-84.99524,32.47259],[-84.99523,32.47524],[-84.99575,32.47735],[-84.99861,32.4891],[-85.00089,32.49844],[-85.00284,32.50641],[-85.00374,32.5101],[-85.00523,32.5162],[-85.0071,32.52387],[-85.02251,32.54292],[-85.03447,32.55275],[-85.06766,32.58001],[-85.07968,32.6081],[-85.08974,32.6316],[-85.10534,32.64484],[-85.08853,32.65796],[-85.09354,32.66973],[-85.11474,32.68563],[-85.11519,32.68735],[-85.12274,32.71573],[-85.12013,32.72025],[-85.11425,32.73045],[-85.11855,32.74082],[-85.1301,32.75175],[-85.13888,32.76006],[-85.12219,32.77335],[-85.13332,32.78208],[-85.16794,32.81161],[-85.16791,32.81168],[-85.16662,32.81446],[-85.1535,32.84278],[-85.17704,32.8569],[-85.1844,32.86132],[-85.18579,32.87027],[-85.18634,32.87379],[-85.18881,32.88972],[-85.20262,32.95884],[-85.20419,32.96671],[-85.21096,33.00058],[-85.22193,33.05554],[-85.22333,33.06258],[-85.23244,33.10807],[-85.23657,33.12955],[-85.25219,33.21082],[-85.26272,33.26559],[-85.28146,33.36307],[-85.29395,33.42807],[-85.30449,33.48288],[-85.31405,33.52981],[-85.31414,33.53022],[-85.31504,33.5359],[-85.31539,33.53764],[-85.33825,33.65311],[-85.35529,33.73925],[-85.35702,33.74796],[-85.35744,33.7501],[-85.36053,33.76796],[-85.36188,33.77394],[-85.36189,33.77395],[-85.37746,33.85605],[-85.38651,33.90172],[-85.39887,33.96413],[-85.40595,34.0001],[-85.40678,34.00231],[-85.42026,34.07228],[-85.42188,34.08082],[-85.42825,34.1144],[-85.4295,34.1251],[-85.44473,34.19989],[-85.44475,34.19994],[-85.45508,34.25069],[-85.4554,34.25285],[-85.4581,34.26573],[-85.45872,34.26944],[-85.46211,34.28639],[-85.4677,34.31436],[-85.47047,34.32824],[-85.48461,34.39289],[-85.50233,34.47395],[-85.50247,34.47453],[-85.5084,34.50121],[-85.51212,34.51825],[-85.51372,34.52417],[-85.51373,34.52419],[-85.51395,34.52519],[-85.51709,34.5426],[-85.52727,34.58868],[-85.5341,34.62386],[-85.53434,34.62508],[-85.54127,34.6567],[-85.54128,34.65678],[-85.54251,34.66244],[-85.55246,34.70814],[-85.55249,34.70832],[-85.55807,34.73442],[-85.56142,34.75008],[-85.57436,34.81574],[-85.57593,34.82373],[-85.58315,34.86037],[-85.59516,34.92417],[-85.59519,34.92433],[-85.59878,34.94492],[-85.59939,34.95177],[-85.60516,34.98468],[-85.61149,34.98478],[-85.70084,34.98619],[-85.74894,34.98695],[-85.82441,34.98814],[-85.82872,34.98817],[-85.86092,34.98836],[-85.86394,34.98838],[-86.06706,34.98961],[-86.06714,34.98961],[-86.15293,34.99014],[-86.31127,34.9911],[-86.31876,34.99115],[-86.3972,34.99166],[-86.43393,34.99108],[-86.4678,34.99069],[-86.4733,34.99069],[-86.52271,34.99068],[-86.52849,34.99068],[-86.55577,34.99097],[-86.55586,34.99097],[-86.57122,34.99101],[-86.57131,34.99101],[-86.58896,34.9912],[-86.60004,34.99124],[-86.64121,34.99174],[-86.64139,34.99174],[-86.65961,34.99179],[-86.67085,34.992],[-86.67436,34.992],[-86.67673,34.99207],[-86.67762,34.99207],[-86.67767,34.99207],[-86.78363,34.99193],[-86.78365,34.99193],[-86.82066,34.99176],[-86.83631,34.99176],[-86.83637,34.99176],[-86.84647,34.99186],[-86.84979,34.99192],[-86.86215,34.99196],[-86.87924,34.99235],[-86.93746,34.99371],[-86.96712,34.9944],[-86.97024,34.99455],[-86.97261,34.99461],[-86.97441,34.99451],[-87.00001,34.99512],[-87.01117,34.99516],[-87.03009,34.99553],[-87.08998,34.99669],[-87.21076,34.99902],[-87.21668,34.99915],[-87.22405,34.99933],[-87.23054,34.99948],[-87.27001,35.00039],[-87.29918,35.00091],[-87.34925,35.00166],[-87.34932,35.00166],[-87.35927,35.00182],[-87.35928,35.00182],[-87.38107,35.00212],[-87.39131,35.00237],[-87.4174,35.00267],[-87.42154,35.00268],[-87.42457,35.00273],[-87.42861,35.00279],[-87.43707,35.00284],[-87.49292,35.0031],[-87.57749,35.00351],[-87.60618,35.00364],[-87.61928,35.0037],[-87.62502,35.00373],[-87.66412,35.00352],[-87.6714,35.00354],[-87.68871,35.00375],[-87.69683,35.00385],[-87.70054,35.00399],[-87.70232,35.00395],[-87.70949,35.00409],[-87.75889,35.00471],[-87.7676,35.00478],[-87.77359,35.00495],[-87.82113,35.00538],[-87.85189,35.00566],[-87.85341,35.00558],[-87.85353,35.00554],[-87.87263,35.00557],[-87.87774,35.00551],[-87.87797,35.00547],[-87.92698,35.00566],[-87.98492,35.00588],[-88.00003,35.00594],[-88.20296,35.00803],[-88.20199,35.00542],[-88.20082,34.99777],[-88.20006,34.99563],[-88.19881,34.99119],[-88.18743,34.97491],[-88.17997,34.96747],[-88.17611,34.96252],[-88.1721,34.95521],[-88.16159,34.93346],[-88.16014,34.93114],[-88.15462,34.92239],[-88.14633,34.91437],[-88.13972,34.90963],[-88.13669,34.90759],[-88.12504,34.90223],[-88.1,34.8941],[-88.09789,34.8922],[-88.10483,34.83439],[-88.10756,34.81163],[-88.11642,34.7463],[-88.11841,34.72429],[-88.12081,34.70889],[-88.13081,34.64481],[-88.13426,34.62266],[-88.13872,34.58922],[-88.13925,34.58779],[-88.13999,34.5817],[-88.15629,34.46321],[-88.15867,34.44286],[-88.15943,34.43631],[-88.16563,34.3831],[-88.16567,34.38279],[-88.16591,34.38093],[-88.17363,34.32105],[-88.17587,34.30217],[-88.17689,34.29386],[-88.18667,34.22095],[-88.18762,34.20478],[-88.19068,34.19012],[-88.19213,34.17535],[-88.2002,34.11595],[-88.20378,34.08655],[-88.20601,34.06836],[-88.20723,34.05833],[-88.21074,34.0292],[-88.22214,33.9447],[-88.22643,33.91287],[-88.22652,33.91166],[-88.22652,33.91155],[-88.23549,33.8472],[-88.24005,33.81088],[-88.2416,33.80297],[-88.24161,33.80292],[-88.24303,33.79568],[-88.24414,33.78167],[-88.24894,33.74498],[-88.25226,33.71957],[-88.25445,33.69878],[-88.25462,33.69578],[-88.25613,33.68286],[-88.25634,33.68205],[-88.26237,33.6324],[-88.26237,33.6324],[-88.26383,33.62034],[-88.26588,33.60347],[-88.267,33.59423],[-88.26715,33.59199],[-88.26816,33.58504],[-88.26908,33.57693],[-88.26953,33.57289],[-88.27005,33.57082],[-88.27462,33.53401],[-88.2768,33.51646],[-88.27742,33.51244],[-88.2801,33.49016],[-88.28595,33.44164],[-88.2971,33.34909],[-88.3005,33.32085],[-88.3005,33.32084],[-88.30274,33.30221],[-88.30442,33.28832],[-88.31253,33.22092],[-88.31524,33.20332],[-88.31713,33.18412],[-88.33093,33.07312],[-88.34043,32.9912],[-88.34785,32.92908],[-88.35429,32.87513],[-88.36835,32.74766],[-88.36906,32.74258],[-88.37334,32.71182],[-88.38299,32.62695],[-88.38304,32.62668],[-88.38618,32.6005],[-88.38886,32.57812],[-88.39997,32.48542],[-88.40331,32.4543],[-88.40379,32.44989],[-88.40379,32.44977],[-88.40391,32.44878],[-88.40392,32.44875],[-88.4125,32.38003],[-88.41382,32.37392],[-88.42145,32.30868],[-88.42794,32.25303],[-88.42828,32.25014],[-88.43129,32.22765],[-88.43384,32.20869],[-88.43865,32.17281],[-88.43871,32.17208],[-88.44188,32.14643],[-88.45496,32.04058],[-88.45504,32.03972],[-88.46866,31.93317],[-88.46888,31.93026],[-88.47323,31.89386]]]]}},{"type":"Feature","id":"Florida","properties":{"name":"Florida"},"geometry":{"type":"MultiPolygon","coordinates":[[[[-80.74309,24.86353],[-80.74549,24.85457],[-80.73659,24.84816],[-80.70687,24.86433],[-80.6886,24.88124],[-80.69134,24.90514],[-80.69847,24.90927],[-80.70526,24.90649],[-80.71375,24.88244],[-80.74309,24.86353]]],[[[-80.85061,24.81352],[-80.85034,24.8026],[-80.84431,24.8008],[-80.82452,24.80911],[-80.7947,24.81221],[-80.78748,24.82172],[-80.78218,24.83764],[-80.79159,24.84361],[-80.81369,24.83719],[-80.85061,24.81352]]],[[[-81.11398,24.71116],[-81.11942,24.69934],[-81.10885,24.68925],[-81.08763,24.69252],[-81.08047,24.69362],[-81.07689,24.70464],[-81.06457,24.70744],[-81.03501,24.71417],[-81.02459,24.71655],[-80.9695,24.74475],[-80.95284,24.75328],[-80.9068,24.76784],[-80.90494,24.77902],[-80.91477,24.78307],[-80.96032,24.7685],[-80.97619,24.76289],[-81.0251,24.74557],[-81.06824,24.72669],[-81.08244,24.72048],[-81.08402,24.71978],[-81.11398,24.71116]]],[[[-81.81215,24.56143],[-81.8129,24.54939],[-81.80501,24.54398],[-81.79731,24.54564],[-81.79384,24.54639],[-81.78527,24.54824],[-81.77522,24.55041],[-81.77342,24.55057],[-81.76324,24.55151],[-81.74622,24.55307],[-81.72258,24.55525],[-81.68524,24.55868],[-81.66514,24.57326],[-81.64413,24.57492],[-81.63461,24.57806],[-81.61185,24.58558],[-81.55918,24.60957],[-81.5174,24.62124],[-81.50801,24.6424],[-81.50523,24.6427],[-81.4773,24.64565],[-81.4616,24.64425],[-81.44392,24.64268],[-81.41254,24.64673],[-81.4025,24.63223],[-81.39548,24.62208],[-81.34769,24.63571],[-81.32078,24.64468],[-81.31307,24.64725],[-81.27913,24.6541],[-81.2444,24.66731],[-81.24435,24.6755],[-81.29236,24.71052],[-81.30505,24.75519],[-81.32513,24.76712],[-81.37783,24.78217],[-81.41223,24.79879],[-81.4338,24.8092],[-81.4427,24.8135],[-81.45502,24.80884],[-81.4981,24.79257],[-81.51058,24.78383],[-81.53259,24.76841],[-81.53607,24.76598],[-81.57115,24.75635],[-81.58154,24.74117],[-81.5846,24.7367],[-81.67234,24.69951],[-81.6843,24.69305],[-81.74565,24.65988],[-81.74732,24.65798],[-81.76139,24.64203],[-81.7789,24.62004],[-81.79949,24.59417],[-81.80128,24.59045],[-81.81169,24.56874],[-81.81195,24.56465],[-81.81215,24.56143]]],[[[-82.00732,24.54011],[-82.01166,24.53423],[-82.00651,24.52711],[-81.96389,24.52115],[-81.9188,24.5277],[-81.88626,24.55173],[-81.88336,24.56088],[-81.89212,24.56564],[-81.92307,24.5525],[-82.00732,24.54011]]],[[[-82.16443,24.56338],[-82.16521,24.55216],[-82.15944,24.54821],[-82.11679,24.54914],[-82.10443,24.56117],[-82.09942,24.57252],[-82.10105,24.58468],[-82.10419,24.58826],[-82.12527,24.59743],[-82.13542,24.59688],[-82.14307,24.5934],[-82.15068,24.57633],[-82.16443,24.56338]]],[[[-82.26734,26.68383],[-82.2637,26.67266],[-82.25359,26.6659],[-82.23426,26.63539],[-82.22683,26.61974],[-82.22645,26.58933],[-82.21097,26.57323],[-82.20211,26.54646],[-82.18894,26.49029],[-82.18347,26.48096],[-82.18072,26.47626],[-82.17292,26.46766],[-82.14479,26.45283],[-82.14026,26.44868],[-82.12667,26.43628],[-82.09812,26.42496],[-82.08291,26.42206],[-82.08032,26.42206],[-82.07501,26.42206],[-82.06003,26.42661],[-82.01699,26.44739],[-82.01708,26.45423],[-82.02241,26.45765],[-82.03445,26.45825],[-82.04209,26.45863],[-82.05998,26.46909],[-82.07661,26.46549],[-82.0863,26.45644],[-82.09564,26.45675],[-82.11475,26.47131],[-82.13155,26.47703],[-82.14937,26.47761],[-82.17391,26.49813],[-82.17463,26.49874],[-82.18305,26.53762],[-82.19814,26.58555],[-82.21354,26.62702],[-82.22405,26.64505],[-82.23753,26.67021],[-82.24199,26.67995],[-82.24596,26.68861],[-82.24255,26.69665],[-82.24514,26.7057],[-82.25377,26.70743],[-82.26334,26.69851],[-82.26734,26.68383]]],[[[-82.85499,28.20798],[-82.85184,28.1722],[-82.85142,28.1674],[-82.84708,28.16538],[-82.84362,28.16376],[-82.83458,28.16751],[-82.83694,28.21018],[-82.84867,28.21325],[-82.85499,28.20798]]],[[[-82.92679,24.63159],[-82.92294,24.62212],[-82.86951,24.61817],[-82.8616,24.6265],[-82.86836,24.63439],[-82.91992,24.63687],[-82.92679,24.63159]]],[[[-84.67065,29.79198],[-84.6746,29.78307],[-84.66378,29.77499],[-84.62423,29.78618],[-84.58449,29.80087],[-84.56912,29.81343],[-84.57229,29.82788],[-84.58193,29.8286],[-84.59601,29.81914],[-84.63975,29.79817],[-84.67065,29.79198]]],[[[-87.63484,30.86611],[-87.63494,30.86586],[-87.62825,30.8601],[-87.62623,30.8571],[-87.62538,30.85433],[-87.6265,30.85185],[-87.62733,30.84793],[-87.62608,30.84647],[-87.62414,30.84568],[-87.61729,30.84033],[-87.61537,30.837],[-87.61593,30.83467],[-87.61099,30.83261],[-87.60578,30.83128],[-87.60358,30.8286],[-87.60164,30.82511],[-87.60049,30.8206],[-87.5943,30.81696],[-87.58788,30.81501],[-87.58188,30.81238],[-87.57686,30.80814],[-87.57205,30.80051],[-87.56815,30.79906],[-87.56422,30.79622],[-87.56007,30.79223],[-87.55949,30.79042],[-87.55485,30.7871],[-87.55296,30.78692],[-87.55206,30.78623],[-87.54505,30.77864],[-87.54537,30.77408],[-87.54617,30.772],[-87.54227,30.76748],[-87.53709,30.76251],[-87.53654,30.76136],[-87.53542,30.75474],[-87.53537,30.74975],[-87.53262,30.74347],[-87.52362,30.73829],[-87.51174,30.73351],[-87.50516,30.72629],[-87.50233,30.72157],[-87.49752,30.7201],[-87.49678,30.72033],[-87.48704,30.71848],[-87.48123,30.71649],[-87.47983,30.71493],[-87.47959,30.71285],[-87.47444,30.70657],[-87.47041,30.70526],[-87.46773,30.70166],[-87.46635,30.70082],[-87.45696,30.69754],[-87.45141,30.69979],[-87.44937,30.69889],[-87.44359,30.69459],[-87.44229,30.69266],[-87.44011,30.69072],[-87.43982,30.69046],[-87.43603,30.68865],[-87.43038,30.68863],[-87.4249,30.68336],[-87.41954,30.67996],[-87.41275,30.67804],[-87.40697,30.67515],[-87.40657,30.674],[-87.40713,30.67178],[-87.40589,30.6666],[-87.40072,30.65713],[-87.40019,30.6572],[-87.39727,30.65433],[-87.39619,30.65044],[-87.3972,30.6481],[-87.39595,30.64395],[-87.3936,30.63087],[-87.39379,30.62699],[-87.39449,30.62518],[-87.39567,30.62336],[-87.39644,30.61772],[-87.39644,30.61689],[-87.39507,30.61589],[-87.39504,30.61527],[-87.39732,30.60871],[-87.39928,30.6056],[-87.40119,30.60438],[-87.40461,30.60337],[-87.40657,30.59991],[-87.40875,30.58369],[-87.41247,30.57388],[-87.41248,30.57386],[-87.41272,30.57322],[-87.41452,30.57344],[-87.41627,30.57244],[-87.41836,30.57003],[-87.41852,30.56955],[-87.41696,30.56799],[-87.41667,30.56629],[-87.41866,30.56182],[-87.42094,30.56066],[-87.42242,30.56043],[-87.42281,30.56137],[-87.42337,30.56141],[-87.42605,30.56006],[-87.4279,30.55415],[-87.43145,30.55025],[-87.43497,30.54959],[-87.43545,30.54913],[-87.44659,30.52706],[-87.44643,30.5203],[-87.44495,30.51493],[-87.44519,30.51397],[-87.44651,30.51356],[-87.44731,30.51262],[-87.44779,30.5119],[-87.44771,30.51045],[-87.44472,30.50748],[-87.44323,30.50677],[-87.4397,30.50664],[-87.43828,30.50535],[-87.43119,30.49579],[-87.43059,30.49109],[-87.43299,30.48489],[-87.43477,30.48187],[-87.43559,30.48049],[-87.43469,30.47919],[-87.43159,30.47769],[-87.43059,30.47659],[-87.42959,30.47059],[-87.42509,30.46559],[-87.41469,30.45729],[-87.40788,30.45639],[-87.40469,30.45289],[-87.39989,30.45099],[-87.39689,30.45059],[-87.39199,30.45159],[-87.38119,30.45009],[-87.37827,30.44919],[-87.37078,30.44686],[-87.36869,30.44462],[-87.36695,30.44047],[-87.3666,30.43664],[-87.36762,30.43458],[-87.3682,30.4334],[-87.37118,30.43049],[-87.38209,30.42289],[-87.38435,30.42163],[-87.38639,30.42049],[-87.39568,30.41759],[-87.39878,30.41509],[-87.40179,30.41139],[-87.40349,30.41019],[-87.40888,30.40879],[-87.41318,30.40899],[-87.41918,30.41019],[-87.42268,30.41009],[-87.42618,30.40919],[-87.42958,30.40649],[-87.43068,30.40485],[-87.43178,30.40319],[-87.43428,30.39749],[-87.43728,30.39589],[-87.44068,30.39149],[-87.44118,30.38859],[-87.44088,30.38669],[-87.43868,30.38209],[-87.43868,30.38079],[-87.44183,30.3763],[-87.44908,30.3704],[-87.45138,30.3672],[-87.45188,30.365],[-87.45198,30.3603],[-87.45097,30.34626],[-87.45228,30.3441],[-87.45998,30.3363],[-87.46298,30.334],[-87.46488,30.3333],[-87.48126,30.32657],[-87.48948,30.32365],[-87.49064,30.32323],[-87.49616,30.31799],[-87.49302,30.31211],[-87.49285,30.3118],[-87.48567,30.30894],[-87.46414,30.3118],[-87.4669,30.30226],[-87.50941,30.29219],[-87.51838,30.2839],[-87.51832,30.28044],[-87.41986,30.29713],[-87.35049,30.31306],[-87.31952,30.31781],[-87.30708,30.32075],[-87.29542,30.3235],[-87.28279,30.31874],[-87.26783,30.31548],[-87.20625,30.32094],[-87.15539,30.32775],[-86.91887,30.37075],[-86.90968,30.37242],[-86.86178,30.37935],[-86.85062,30.38097],[-86.7995,30.38656],[-86.7981,30.38672],[-86.76599,30.39023],[-86.75091,30.39188],[-86.63295,30.3963],[-86.52907,30.3869],[-86.51141,30.38336],[-86.50615,30.3823],[-86.48333,30.38333],[-86.47085,30.3839],[-86.46895,30.38379],[-86.42295,30.381],[-86.41208,30.38035],[-86.39736,30.37856],[-86.36418,30.37452],[-86.31666,30.3662],[-86.2987,30.36305],[-86.22708,30.34474],[-86.22256,30.34359],[-86.17973,30.33066],[-86.12414,30.31388],[-86.09774,30.30592],[-86.08996,30.30357],[-86.03762,30.2845],[-85.99994,30.27078],[-85.99593,30.26908],[-85.93589,30.24365],[-85.9226,30.23802],[-85.91977,30.2366],[-85.8953,30.22427],[-85.87814,30.21562],[-85.86665,30.20922],[-85.83131,30.18952],[-85.82007,30.18326],[-85.81122,30.17832],[-85.79039,30.16551],[-85.77541,30.15629],[-85.77229,30.15387],[-85.75876,30.14338],[-85.74993,30.13654],[-85.73005,30.11815],[-85.69681,30.09689],[-85.65325,30.07784],[-85.63729,30.07332],[-85.63105,30.07075],[-85.61825,30.06548],[-85.60118,30.05634],[-85.58824,30.05554],[-85.58139,30.03778],[-85.57191,30.02644],[-85.54118,29.99579],[-85.50915,29.97147],[-85.48776,29.96123],[-85.46943,29.95779],[-85.46049,29.95958],[-85.44766,29.95598],[-85.42596,29.94989],[-85.40505,29.93849],[-85.38869,29.92436],[-85.38868,29.92435],[-85.38473,29.92095],[-85.36373,29.89891],[-85.34704,29.87198],[-85.33978,29.85445],[-85.3339,29.84744],[-85.32205,29.84467],[-85.31143,29.83235],[-85.31455,29.82228],[-85.31119,29.81566],[-85.30497,29.81124],[-85.30236,29.80938],[-85.30147,29.78817],[-85.306,29.7252],[-85.32341,29.69783],[-85.34175,29.68818],[-85.35839,29.69334],[-85.37576,29.72199],[-85.38422,29.74672],[-85.40247,29.8029],[-85.40197,29.83179],[-85.39371,29.86266],[-85.39753,29.86818],[-85.40694,29.86797],[-85.4147,29.8551],[-85.422,29.82759],[-85.41801,29.7986],[-85.40318,29.73672],[-85.3803,29.69849],[-85.36942,29.68105],[-85.3564,29.66912],[-85.34771,29.66719],[-85.34362,29.672],[-85.31921,29.68149],[-85.29074,29.68408],[-85.22525,29.67827],[-85.22201,29.67798],[-85.17055,29.65557],[-85.14101,29.63404],[-85.08423,29.61516],[-85.0494,29.58695],[-84.98371,29.60424],[-84.94159,29.62111],[-84.87673,29.65576],[-84.77695,29.69219],[-84.69246,29.75923],[-84.69374,29.76785],[-84.70172,29.77038],[-84.8027,29.69898],[-84.90153,29.66788],[-85.01364,29.61351],[-85.07163,29.632],[-85.07431,29.67398],[-85.10041,29.68469],[-85.13394,29.69139],[-85.13715,29.6947],[-85.145,29.70276],[-85.13598,29.71218],[-85.10168,29.71875],[-85.07212,29.71903],[-85.03721,29.71107],[-85.00305,29.7141],[-84.99326,29.71496],[-84.977,29.72121],[-84.96884,29.72708],[-84.96836,29.72861],[-84.96401,29.74242],[-84.9466,29.74503],[-84.94582,29.74552],[-84.93837,29.75021],[-84.92092,29.7729],[-84.91511,29.7833],[-84.90413,29.78628],[-84.89399,29.78518],[-84.87711,29.77289],[-84.89007,29.7558],[-84.90178,29.73572],[-84.89249,29.72266],[-84.88803,29.72241],[-84.88178,29.73388],[-84.86827,29.74245],[-84.83717,29.75593],[-84.8242,29.75829],[-84.763,29.78885],[-84.75559,29.78854],[-84.73033,29.8069],[-84.69205,29.82906],[-84.68393,29.83133],[-84.66973,29.82891],[-84.66008,29.83281],[-84.65645,29.83428],[-84.65632,29.83794],[-84.64796,29.8471],[-84.61505,29.86685],[-84.61315,29.86798],[-84.6033,29.87612],[-84.57744,29.88783],[-84.53587,29.91009],[-84.512,29.91657],[-84.49456,29.91396],[-84.47032,29.92452],[-84.45171,29.92909],[-84.44365,29.91379],[-84.43429,29.90633],[-84.42383,29.903],[-84.40496,29.90123],[-84.37894,29.89311],[-84.34907,29.89681],[-84.34339,29.89954],[-84.33595,29.91296],[-84.33375,29.92372],[-84.33651,29.94251],[-84.33943,29.94601],[-84.34245,29.97035],[-84.34304,29.9751],[-84.3477,29.98412],[-84.35999,29.98474],[-84.36196,29.98774],[-84.36611,30.00866],[-84.33713,30.03235],[-84.32343,30.0411],[-84.29784,30.05745],[-84.28973,30.0572],[-84.27717,30.06026],[-84.27079,30.06809],[-84.27037,30.07547],[-84.274,30.08308],[-84.27251,30.09236],[-84.26936,30.09766],[-84.25644,30.10379],[-84.24749,30.10114],[-84.24567,30.09302],[-84.23701,30.08556],[-84.20801,30.08478],[-84.20335,30.08588],[-84.20158,30.08798],[-84.19853,30.08794],[-84.17915,30.07319],[-84.16788,30.07142],[-84.15728,30.07271],[-84.13568,30.08302],[-84.12489,30.0906],[-84.11384,30.08548],[-84.10273,30.09361],[-84.09472,30.09496],[-84.08703,30.0921],[-84.08306,30.09229],[-84.07604,30.09546],[-84.06299,30.10138],[-84.04872,30.10321],[-84.02427,30.10327],[-84.00072,30.09621],[-83.99161,30.08392],[-83.99144,30.08382],[-83.95968,30.06494],[-83.93343,30.04631],[-83.93188,30.04417],[-83.93367,30.04115],[-83.93151,30.03907],[-83.84543,29.99807],[-83.82869,29.98319],[-83.79209,29.9775],[-83.78873,29.97698],[-83.75725,29.95794],[-83.68642,29.92374],[-83.67922,29.91851],[-83.65995,29.89952],[-83.63798,29.88607],[-83.61857,29.84234],[-83.60524,29.83639],[-83.59549,29.82798],[-83.5859,29.81175],[-83.5819,29.79206],[-83.58304,29.78731],[-83.58609,29.78464],[-83.58472,29.77608],[-83.58129,29.7715],[-83.57895,29.76838],[-83.56602,29.76143],[-83.55499,29.7426],[-83.54717,29.73222],[-83.53764,29.72306],[-83.51272,29.71648],[-83.49373,29.70839],[-83.48357,29.69854],[-83.48314,29.69048],[-83.45536,29.67644],[-83.44819,29.67525],[-83.44464,29.67715],[-83.43626,29.67739],[-83.4147,29.67054],[-83.41277,29.66849],[-83.41233,29.66709],[-83.40408,29.6408],[-83.39948,29.61296],[-83.40507,29.59557],[-83.40526,29.57832],[-83.39983,29.53304],[-83.40155,29.52329],[-83.40025,29.51724],[-83.38397,29.513],[-83.37925,29.50356],[-83.37029,29.4999],[-83.35672,29.4999],[-83.35007,29.48936],[-83.33113,29.47559],[-83.32321,29.47679],[-83.31155,29.47567],[-83.30783,29.46886],[-83.30709,29.45965],[-83.29475,29.43792],[-83.27202,29.43226],[-83.2667,29.4346],[-83.26396,29.43581],[-83.24051,29.43318],[-83.21807,29.42049],[-83.20245,29.39442],[-83.2007,29.37385],[-83.18958,29.36342],[-83.17552,29.34469],[-83.17685,29.32927],[-83.17826,29.32792],[-83.17674,29.31422],[-83.16958,29.29036],[-83.16601,29.28884],[-83.16073,29.28661],[-83.14976,29.28977],[-83.14644,29.28919],[-83.12803,29.28273],[-83.12557,29.27885],[-83.10748,29.26889],[-83.08901,29.2665],[-83.07726,29.25533],[-83.07473,29.24798],[-83.08784,29.21642],[-83.07899,29.19694],[-83.06524,29.18449],[-83.06116,29.17611],[-83.06095,29.17096],[-83.06825,29.15313],[-83.05687,29.14626],[-83.05321,29.13084],[-83.03045,29.13402],[-83.01907,29.14132],[-83.01821,29.15142],[-82.99614,29.17807],[-82.99165,29.18066],[-82.98716,29.18009],[-82.97952,29.17182],[-82.97468,29.17091],[-82.9453,29.16782],[-82.93241,29.16789],[-82.92261,29.16977],[-82.88721,29.16174],[-82.85818,29.16228],[-82.82707,29.15843],[-82.80474,29.14662],[-82.8057,29.12985],[-82.79888,29.1145],[-82.79912,29.11065],[-82.80117,29.1051],[-82.80948,29.10462],[-82.82366,29.0989],[-82.81692,29.07622],[-82.78056,29.07358],[-82.78333,29.06462],[-82.77998,29.06314],[-82.7597,29.05419],[-82.75351,29.0265],[-82.75938,29.00662],[-82.76405,28.99971],[-82.76055,28.99309],[-82.75891,28.99328],[-82.73787,28.9957],[-82.73575,28.97371],[-82.72805,28.96062],[-82.72386,28.95351],[-82.70879,28.93598],[-82.70262,28.93295],[-82.6946,28.91702],[-82.68886,28.90561],[-82.73024,28.85016],[-82.71442,28.80404],[-82.69828,28.75701],[-82.71237,28.72092],[-82.66872,28.69566],[-82.66892,28.69408],[-82.67467,28.64759],[-82.6694,28.62725],[-82.66406,28.60658],[-82.66386,28.60628],[-82.65414,28.59084],[-82.65595,28.57668],[-82.65705,28.56803],[-82.66165,28.55414],[-82.66173,28.54974],[-82.65669,28.54481],[-82.66267,28.53235],[-82.6637,28.53019],[-82.66804,28.5282],[-82.66942,28.51988],[-82.67015,28.50077],[-82.66639,28.49733],[-82.66447,28.48879],[-82.66505,28.48443],[-82.67241,28.46475],[-82.6804,28.45719],[-82.67479,28.44196],[-82.67784,28.43437],[-82.67874,28.43346],[-82.68414,28.42802],[-82.69743,28.42017],[-82.70632,28.40132],[-82.70623,28.38688],[-82.70611,28.36806],[-82.70918,28.36093],[-82.71582,28.3455],[-82.71822,28.34237],[-82.73146,28.32507],[-82.73413,28.30861],[-82.73546,28.30039],[-82.73279,28.29193],[-82.73557,28.28555],[-82.74356,28.26723],[-82.74619,28.26119],[-82.75907,28.25402],[-82.76031,28.25164],[-82.76328,28.24593],[-82.76404,28.24446],[-82.7641,28.24434],[-82.76446,28.22007],[-82.76264,28.21901],[-82.76942,28.21298],[-82.77211,28.2106],[-82.79776,28.18779],[-82.80467,28.17308],[-82.8051,28.17218],[-82.80847,28.1548],[-82.79902,28.15179],[-82.79072,28.15249],[-82.78662,28.14499],[-82.78617,28.14349],[-82.78132,28.12759],[-82.78186,28.12305],[-82.78382,28.10629],[-82.78358,28.0686],[-82.78352,28.06006],[-82.79122,28.05621],[-82.79564,28.05399],[-82.79581,28.05406],[-82.81938,28.06398],[-82.82788,28.08737],[-82.83597,28.08892],[-82.84082,28.08391],[-82.83639,28.06418],[-82.82271,28.0486],[-82.8272,28.02176],[-82.82757,28.01646],[-82.8295,27.98909],[-82.83108,27.96644],[-82.83139,27.96212],[-82.84088,27.93716],[-82.84105,27.93652],[-82.84783,27.9102],[-82.84788,27.90979],[-82.85,27.89443],[-82.85113,27.8863],[-82.84986,27.87165],[-82.84913,27.8632],[-82.84653,27.8543],[-82.84064,27.8438],[-82.82856,27.82225],[-82.82765,27.8213],[-82.82043,27.81374],[-82.80724,27.80407],[-82.79558,27.79553],[-82.79022,27.7916],[-82.78312,27.7838],[-82.78251,27.78306],[-82.77002,27.7679],[-82.76092,27.7452],[-82.75554,27.73856],[-82.75372,27.73631],[-82.74622,27.73131],[-82.74311,27.7244],[-82.74032,27.71821],[-82.73802,27.70681],[-82.73847,27.6785],[-82.73857,27.67773],[-82.74403,27.63758],[-82.73605,27.62517],[-82.73699,27.61691],[-82.73215,27.61345],[-82.70497,27.62479],[-82.69966,27.63477],[-82.702,27.63955],[-82.71255,27.64665],[-82.71632,27.65141],[-82.72162,27.66391],[-82.72302,27.67121],[-82.71882,27.69201],[-82.71773,27.6934],[-82.71363,27.69866],[-82.70834,27.69907],[-82.69375,27.70022],[-82.67925,27.69467],[-82.6792,27.69499],[-82.67732,27.70621],[-82.67162,27.70591],[-82.66292,27.70231],[-82.66075,27.70189],[-82.65252,27.70031],[-82.64629,27.70207],[-82.63982,27.70391],[-82.63362,27.71061],[-82.62921,27.71977],[-82.62572,27.72701],[-82.62502,27.73271],[-82.62756,27.74251],[-82.63052,27.7539],[-82.62988,27.75604],[-82.62541,27.77093],[-82.62336,27.77776],[-82.62272,27.77987],[-82.61838,27.78528],[-82.61627,27.7879],[-82.60742,27.7989],[-82.60692,27.79933],[-82.5977,27.80718],[-82.58652,27.8167],[-82.58754,27.8236],[-82.58932,27.8357],[-82.59482,27.8434],[-82.59844,27.85758],[-82.60898,27.87207],[-82.61002,27.8735],[-82.62319,27.88399],[-82.63212,27.8911],[-82.633,27.8964],[-82.63375,27.90085],[-82.63422,27.9037],[-82.63504,27.90404],[-82.63911,27.90573],[-82.67122,27.913],[-82.67776,27.91455],[-82.68512,27.9163],[-82.69402,27.92148],[-82.69723,27.92285],[-82.70968,27.92815],[-82.71002,27.9283],[-82.72012,27.9364],[-82.7204,27.9372],[-82.72412,27.9481],[-82.72351,27.94941],[-82.72052,27.9558],[-82.71652,27.9584],[-82.70611,27.95986],[-82.70563,27.96072],[-82.69497,27.97974],[-82.69268,27.98382],[-82.67924,28.00002],[-82.68412,28.0124],[-82.69007,28.02747],[-82.68768,28.02782],[-82.66963,28.03041],[-82.64852,28.02032],[-82.64111,28.01677],[-82.6407,28.01633],[-82.62569,28.0001],[-82.61271,27.99209],[-82.59,27.97807],[-82.576,27.96942],[-82.57373,27.96917],[-82.55392,27.967],[-82.55003,27.96148],[-82.54122,27.949],[-82.53933,27.94497],[-82.53372,27.933],[-82.53294,27.92353],[-82.5317,27.90849],[-82.53132,27.9039],[-82.53582,27.898],[-82.53586,27.89797],[-82.54175,27.89371],[-82.54282,27.8906],[-82.54273,27.89045],[-82.53932,27.885],[-82.52992,27.8775],[-82.53322,27.8707],[-82.53645,27.86723],[-82.53862,27.8649],[-82.55292,27.8627],[-82.55395,27.84846],[-82.53511,27.83945],[-82.51119,27.82802],[-82.48985,27.82261],[-82.47527,27.82099],[-82.47244,27.82256],[-82.46884,27.8433],[-82.47162,27.84734],[-82.48014,27.85325],[-82.48806,27.86357],[-82.48804,27.8646],[-82.48771,27.8806],[-82.48745,27.89359],[-82.48742,27.895],[-82.49014,27.90869],[-82.4915,27.91549],[-82.48912,27.92105],[-82.48259,27.92549],[-82.47603,27.92995],[-82.46891,27.93647],[-82.46247,27.93648],[-82.46245,27.93645],[-82.4597,27.93167],[-82.46197,27.91441],[-82.45958,27.90994],[-82.45159,27.90751],[-82.44846,27.9065],[-82.44645,27.90585],[-82.43673,27.90272],[-82.4363,27.90258],[-82.43232,27.9013],[-82.41392,27.9014],[-82.40261,27.8826],[-82.39785,27.85393],[-82.39746,27.85163],[-82.39338,27.83752],[-82.40286,27.81267],[-82.41084,27.81087],[-82.4184,27.80319],[-82.41907,27.79377],[-82.41938,27.79335],[-82.43398,27.77409],[-82.43276,27.77042],[-82.43198,27.76809],[-82.43234,27.76759],[-82.43464,27.76435],[-82.45754,27.75257],[-82.47834,27.74625],[-82.4823,27.74265],[-82.47713,27.73522],[-82.4763,27.72993],[-82.47764,27.723],[-82.48218,27.72006],[-82.48245,27.71989],[-82.49489,27.71896],[-82.51426,27.70559],[-82.53715,27.67293],[-82.55441,27.64529],[-82.5545,27.64515],[-82.55854,27.63868],[-82.56567,27.61571],[-82.57061,27.60888],[-82.58463,27.59602],[-82.59649,27.59405],[-82.61172,27.58528],[-82.61259,27.58362],[-82.613,27.58284],[-82.61202,27.57123],[-82.63205,27.55191],[-82.63969,27.54187],[-82.64601,27.53354],[-82.64744,27.53038],[-82.65072,27.52312],[-82.66202,27.52281],[-82.67462,27.51961],[-82.68362,27.51311],[-82.68692,27.50802],[-82.68642,27.49722],[-82.69042,27.49641],[-82.69744,27.49727],[-82.70303,27.49795],[-82.70812,27.52351],[-82.71753,27.52786],[-82.74244,27.53936],[-82.74575,27.53883],[-82.74302,27.53109],[-82.72452,27.51361],[-82.72234,27.51074],[-82.71452,27.50042],[-82.71235,27.49627],[-82.70782,27.48762],[-82.69603,27.45726],[-82.691,27.44433],[-82.69108,27.44366],[-82.69182,27.43722],[-82.67512,27.42432],[-82.64284,27.38974],[-82.64282,27.38972],[-82.62386,27.36221],[-82.61811,27.35641],[-82.59763,27.33575],[-82.59033,27.32683],[-82.57602,27.30932],[-82.56925,27.29859],[-82.5696,27.28534],[-82.56975,27.27945],[-82.56516,27.27491],[-82.55902,27.26883],[-82.5561,27.26719],[-82.54512,27.26103],[-82.54197,27.25712],[-82.53972,27.25433],[-82.53047,27.23852],[-82.51261,27.20802],[-82.51232,27.20753],[-82.49765,27.17998],[-82.49034,27.16624],[-82.47702,27.14123],[-82.4766,27.13982],[-82.46889,27.11361],[-82.46764,27.11261],[-82.46532,27.11073],[-82.46034,27.09998],[-82.46032,27.09993],[-82.45561,27.08726],[-82.44575,27.06071],[-82.44572,27.06063],[-82.44112,27.05371],[-82.43212,27.04016],[-82.42624,27.03131],[-82.41922,27.02074],[-82.41359,27.00991],[-82.40142,26.98648],[-82.40062,26.98494],[-82.37574,26.94604],[-82.35165,26.90838],[-82.34074,26.89378],[-82.34008,26.89291],[-82.32989,26.87927],[-82.314,26.85801],[-82.30174,26.84159],[-82.28909,26.82778],[-82.2717,26.78952],[-82.2695,26.78467],[-82.2656,26.76099],[-82.26763,26.73169],[-82.26836,26.72122],[-82.26786,26.72092],[-82.26167,26.71719],[-82.25347,26.71942],[-82.24989,26.76295],[-82.24358,26.7676],[-82.22743,26.77114],[-82.20886,26.76716],[-82.19111,26.77034],[-82.17869,26.77256],[-82.17294,26.77888],[-82.15109,26.78348],[-82.14707,26.7898],[-82.15627,26.8519],[-82.17294,26.89732],[-82.17524,26.91687],[-82.16949,26.92319],[-82.16723,26.92389],[-82.16202,26.92549],[-82.13729,26.92607],[-82.12465,26.94562],[-82.11717,26.95424],[-82.11304,26.95579],[-82.10797,26.95769],[-82.08236,26.95815],[-82.07635,26.95826],[-82.06313,26.95021],[-82.06202,26.94285],[-82.0614,26.93871],[-82.06198,26.93124],[-82.06694,26.92826],[-82.06772,26.92779],[-82.08325,26.92779],[-82.09015,26.92319],[-82.09257,26.90914],[-82.09302,26.90652],[-82.09072,26.88869],[-82.06658,26.88237],[-82.06158,26.87853],[-82.0591,26.87662],[-82.0568,26.8588],[-82.05853,26.83867],[-82.05795,26.822],[-82.05612,26.80953],[-82.05508,26.80245],[-82.0614,26.78923],[-82.0614,26.77428],[-82.06203,26.77044],[-82.06658,26.74266],[-82.0798,26.71678],[-82.08497,26.70241],[-82.0867,26.68516],[-82.09302,26.66561],[-82.09386,26.66527],[-82.09992,26.66274],[-82.10625,26.66734],[-82.1189,26.69091],[-82.12579,26.69954],[-82.13902,26.70299],[-82.15167,26.70414],[-82.15606,26.70367],[-82.17352,26.70184],[-82.17984,26.69666],[-82.18157,26.68171],[-82.14994,26.65412],[-82.13787,26.63744],[-82.12598,26.59296],[-82.12234,26.57937],[-82.1189,26.56097],[-82.112,26.54085],[-82.1086,26.5043],[-82.10697,26.48678],[-82.09889,26.48394],[-82.05892,26.49336],[-82.05758,26.49779],[-82.06382,26.51235],[-82.06674,26.53679],[-82.06452,26.53879],[-82.05991,26.54297],[-82.0478,26.53837],[-82.04014,26.52528],[-82.0153,26.52884],[-82.01398,26.52382],[-82.00908,26.5052],[-82.01368,26.49083],[-82.00925,26.48447],[-82.00896,26.48405],[-81.99701,26.48486],[-81.98071,26.48096],[-81.96951,26.4765],[-81.96707,26.46802],[-81.96621,26.46506],[-81.96711,26.46286],[-81.96421,26.45796],[-81.95661,26.45236],[-81.93841,26.44506],[-81.92373,26.43673],[-81.92361,26.43666],[-81.91171,26.42716],[-81.90271,26.41616],[-81.90191,26.41086],[-81.88765,26.39691],[-81.86898,26.37865],[-81.84583,26.33038],[-81.84455,26.32771],[-81.83959,26.31326],[-81.83314,26.29452],[-81.83194,26.28893],[-81.83174,26.28803],[-81.82788,26.27014],[-81.82444,26.25418],[-81.82067,26.23673],[-81.8184,26.21934],[-81.81681,26.20717],[-81.81566,26.18938],[-81.81461,26.17317],[-81.80977,26.15564],[-81.80883,26.15225],[-81.80751,26.14041],[-81.80615,26.12832],[-81.80213,26.0924],[-81.80166,26.08823],[-81.76244,26.00607],[-81.75746,26.00037],[-81.75067,25.99843],[-81.74783,25.99427],[-81.74911,25.97148],[-81.74972,25.96046],[-81.74613,25.95109],[-81.74558,25.94964],[-81.73812,25.94201],[-81.73195,25.93151],[-81.72782,25.90783],[-81.71838,25.90308],[-81.71725,25.90251],[-81.71317,25.89757],[-81.68954,25.85271],[-81.6848,25.8472],[-81.67829,25.8453],[-81.67263,25.85665],[-81.66382,25.88561],[-81.65449,25.89358],[-81.64455,25.89795],[-81.64008,25.89778],[-81.62348,25.89716],[-81.61473,25.89398],[-81.58248,25.87671],[-81.54789,25.84961],[-81.51498,25.83864],[-81.47224,25.81693],[-81.47018,25.80947],[-81.46969,25.80767],[-81.46932,25.80634],[-81.46856,25.80358],[-81.46849,25.80332],[-81.42399,25.79372],[-81.41438,25.78353],[-81.38381,25.77675],[-81.38226,25.74947],[-81.35525,25.72873],[-81.35599,25.70353],[-81.35056,25.68983],[-81.33824,25.6929],[-81.3119,25.70291],[-81.29033,25.68751],[-81.28942,25.65796],[-81.27282,25.63796],[-81.27149,25.61434],[-81.24052,25.59904],[-81.23305,25.58659],[-81.2327,25.57337],[-81.22556,25.55847],[-81.20932,25.54861],[-81.20439,25.53891],[-81.20318,25.53416],[-81.21015,25.51689],[-81.2082,25.50494],[-81.19192,25.48475],[-81.17941,25.47543],[-81.16865,25.46385],[-81.14677,25.40758],[-81.14714,25.4043],[-81.15066,25.39921],[-81.15051,25.38725],[-81.1414,25.38136],[-81.12849,25.38051],[-81.11727,25.35495],[-81.11821,25.34522],[-81.12141,25.33875],[-81.13391,25.343],[-81.1401,25.34112],[-81.1481,25.33279],[-81.15192,25.32477],[-81.14892,25.31807],[-81.1523,25.30554],[-81.15929,25.29859],[-81.16207,25.28983],[-81.16831,25.25318],[-81.17091,25.24586],[-81.17204,25.22228],[-81.15548,25.2081],[-81.14674,25.19314],[-81.14228,25.183],[-81.14102,25.16387],[-81.13357,25.1563],[-81.12062,25.1523],[-81.11194,25.14547],[-81.09452,25.12705],[-81.07986,25.1188],[-81.05051,25.12827],[-81.02299,25.12939],[-81.0096,25.1254],[-80.99918,25.12422],[-80.97177,25.13396],[-80.95743,25.1357],[-80.94322,25.13444],[-80.91592,25.1413],[-80.90058,25.13967],[-80.89891,25.14765],[-80.90162,25.1538],[-80.90007,25.16203],[-80.87546,25.17432],[-80.85817,25.17658],[-80.85799,25.17661],[-80.84894,25.17828],[-80.8407,25.17682],[-80.82227,25.17424],[-80.81213,25.18604],[-80.79458,25.18237],[-80.78512,25.16893],[-80.74775,25.14744],[-80.74393,25.1498],[-80.7435,25.16398],[-80.72441,25.16634],[-80.71304,25.1522],[-80.7031,25.15356],[-80.67762,25.16935],[-80.66403,25.18726],[-80.63889,25.19068],[-80.60977,25.20036],[-80.58762,25.20069],[-80.58342,25.20122],[-80.56922,25.20301],[-80.54239,25.20638],[-80.52163,25.22154],[-80.51454,25.21918],[-80.50487,25.20658],[-80.49539,25.19981],[-80.46455,25.20907],[-80.44292,25.18928],[-80.46112,25.16178],[-80.46134,25.13249],[-80.4668,25.103],[-80.46883,25.09203],[-80.47572,25.08091],[-80.49674,25.04701],[-80.50498,25.04103],[-80.54395,25.01274],[-80.54476,25.01215],[-80.59884,24.96615],[-80.5995,24.96559],[-80.66437,24.9105],[-80.66453,24.90138],[-80.65633,24.89744],[-80.58535,24.94456],[-80.57153,24.95373],[-80.5287,24.99362],[-80.49249,25.02734],[-80.48407,25.03622],[-80.45282,25.06918],[-80.44884,25.07338],[-80.42487,25.09115],[-80.40708,25.10435],[-80.38202,25.1294],[-80.35818,25.15323],[-80.3274,25.22381],[-80.28392,25.29038],[-80.25175,25.34242],[-80.25028,25.34479],[-80.23054,25.37442],[-80.20993,25.40534],[-80.20383,25.4145],[-80.17394,25.48908],[-80.17553,25.5037],[-80.18239,25.50778],[-80.18984,25.50379],[-80.1899,25.49211],[-80.21496,25.43009],[-80.21678,25.42684],[-80.22912,25.4048],[-80.22947,25.40419],[-80.24958,25.39494],[-80.26994,25.35232],[-80.27179,25.34844],[-80.29019,25.31932],[-80.33832,25.29009],[-80.36591,25.28538],[-80.37706,25.30219],[-80.37635,25.30587],[-80.37412,25.31735],[-80.36166,25.32743],[-80.35247,25.32981],[-80.33859,25.33698],[-80.33527,25.3387],[-80.31036,25.3731],[-80.3068,25.38437],[-80.31036,25.38971],[-80.32044,25.39149],[-80.32578,25.39801],[-80.32637,25.42292],[-80.32044,25.43715],[-80.32815,25.44308],[-80.33027,25.44844],[-80.33613,25.46328],[-80.33705,25.46562],[-80.33942,25.47867],[-80.33942,25.49943],[-80.32875,25.53264],[-80.32563,25.53486],[-80.32516,25.5352],[-80.32459,25.53561],[-80.31392,25.53916],[-80.30543,25.55953],[-80.30206,25.56763],[-80.30562,25.57534],[-80.30562,25.59313],[-80.30477,25.59722],[-80.3043,25.59954],[-80.3021,25.6102],[-80.30146,25.6133],[-80.29672,25.6222],[-80.28865,25.63027],[-80.28842,25.6305],[-80.28712,25.63125],[-80.27715,25.63702],[-80.26707,25.65185],[-80.26588,25.65837],[-80.25046,25.68803],[-80.24607,25.70953],[-80.24453,25.71709],[-80.24038,25.72421],[-80.23764,25.72622],[-80.233,25.72964],[-80.22911,25.73251],[-80.19767,25.74437],[-80.18463,25.74556],[-80.18026,25.74272],[-80.17276,25.73785],[-80.16624,25.72895],[-80.16446,25.72183],[-80.17039,25.71056],[-80.173,25.70035],[-80.17692,25.68506],[-80.1609,25.6649],[-80.15497,25.66549],[-80.15313,25.67329],[-80.1523,25.67676],[-80.15408,25.68328],[-80.1529,25.70285],[-80.144,25.74081],[-80.13748,25.7503],[-80.13689,25.75165],[-80.13631,25.75299],[-80.12828,25.77156],[-80.12799,25.77225],[-80.12755,25.78627],[-80.12742,25.7905],[-80.12739,25.79122],[-80.12609,25.79776],[-80.12494,25.80349],[-80.12302,25.81309],[-80.12206,25.81791],[-80.12197,25.81878],[-80.12148,25.82356],[-80.12032,25.83485],[-80.11968,25.84104],[-80.11997,25.85129],[-80.12011,25.85615],[-80.12057,25.87256],[-80.12087,25.88315],[-80.1205,25.88718],[-80.11938,25.89954],[-80.1179,25.91577],[-80.1179,25.91755],[-80.11788,25.93009],[-80.11787,25.93749],[-80.11785,25.94326],[-80.11784,25.9538],[-80.1178,25.97525],[-80.11778,25.98637],[-80.11771,25.98717],[-80.11726,25.99269],[-80.11565,26.01255],[-80.1139,26.03393],[-80.10957,26.08716],[-80.10666,26.09331],[-80.10527,26.09626],[-80.10421,26.11016],[-80.1021,26.13803],[-80.10137,26.14776],[-80.09853,26.16761],[-80.09781,26.17265],[-80.09644,26.18225],[-80.09539,26.18964],[-80.09322,26.20488],[-80.09152,26.21678],[-80.08938,26.23179],[-80.08937,26.23186],[-80.08557,26.24926],[-80.08188,26.25902],[-80.07986,26.26436],[-80.07639,26.30538],[-80.07526,26.31866],[-80.07484,26.32103],[-80.07226,26.33536],[-80.07146,26.33587],[-80.07056,26.33646],[-80.06553,26.39091],[-80.06172,26.43213],[-80.06056,26.44465],[-80.05904,26.45434],[-80.05566,26.47582],[-80.05036,26.50955],[-80.04342,26.54566],[-80.03886,26.56935],[-80.03756,26.59365],[-80.03656,26.61236],[-80.03653,26.61528],[-80.03616,26.64428],[-80.03585,26.66864],[-80.03576,26.6758],[-80.0336,26.68976],[-80.03328,26.70074],[-80.03296,26.71172],[-80.03286,26.71524],[-80.03346,26.72188],[-80.03488,26.73763],[-80.03633,26.75372],[-80.03694,26.76049],[-80.03728,26.76436],[-80.03746,26.76634],[-80.03741,26.76657],[-80.03636,26.77124],[-80.03212,26.77153],[-80.03207,26.77303],[-80.0318,26.78185],[-80.03136,26.79634],[-80.0356,26.81421],[-80.04623,26.85908],[-80.04626,26.85924],[-80.05308,26.88204],[-80.05662,26.89388],[-80.06192,26.91161],[-80.0667,26.92758],[-80.07169,26.94429],[-80.07953,26.9705],[-80.09391,27.01859],[-80.11677,27.0724],[-80.1386,27.11152],[-80.14982,27.14356],[-80.15955,27.16333],[-80.15828,27.16456],[-80.15337,27.16931],[-80.16147,27.19281],[-80.19309,27.24955],[-80.19929,27.26302],[-80.22675,27.32274],[-80.23354,27.34131],[-80.25366,27.37979],[-80.26244,27.40992],[-80.26553,27.42054],[-80.28308,27.47118],[-80.28363,27.47278],[-80.29317,27.50031],[-80.30117,27.50031],[-80.31176,27.52463],[-80.32127,27.55738],[-80.3247,27.56918],[-80.33096,27.59754],[-80.33154,27.59836],[-80.34437,27.61623],[-80.35055,27.62836],[-80.35085,27.63201],[-80.35172,27.64262],[-80.35528,27.65348],[-80.36798,27.69216],[-80.38172,27.73401],[-80.3837,27.74004],[-80.44718,27.85973],[-80.44708,27.86076],[-80.44697,27.86195],[-80.50887,27.97048],[-80.53557,28.02435],[-80.54425,28.04187],[-80.54767,28.04879],[-80.55936,28.07798],[-80.56643,28.09562],[-80.56643,28.09563],[-80.57159,28.11368],[-80.57875,28.13871],[-80.58302,28.15367],[-80.58414,28.15759],[-80.58835,28.17229],[-80.58997,28.17799],[-80.59159,28.18704],[-80.59354,28.19798],[-80.59616,28.21265],[-80.60421,28.25773],[-80.60524,28.27199],[-80.60719,28.29902],[-80.60807,28.31129],[-80.60775,28.31812],[-80.60765,28.3202],[-80.60687,28.33648],[-80.60415,28.35791],[-80.60337,28.36398],[-80.60189,28.36949],[-80.59909,28.37988],[-80.59617,28.39068],[-80.59584,28.39148],[-80.58821,28.40989],[-80.58781,28.41086],[-80.57414,28.42776],[-80.56288,28.43778],[-80.52673,28.45171],[-80.52509,28.45945],[-80.53611,28.47865],[-80.56097,28.53074],[-80.56736,28.56235],[-80.56947,28.56875],[-80.57487,28.58517],[-80.58388,28.59771],[-80.61679,28.63456],[-80.6224,28.64253],[-80.64729,28.67788],[-80.70973,28.75669],[-80.73224,28.79124],[-80.78702,28.87527],[-80.86681,28.99356],[-80.87828,29.01056],[-80.88289,29.01824],[-80.89368,29.03616],[-80.89484,29.03857],[-80.89712,29.04328],[-80.90311,29.05565],[-80.90727,29.06426],[-80.91543,29.0745],[-80.94438,29.11086],[-80.95111,29.12233],[-80.96618,29.14796],[-80.96803,29.15164],[-80.97166,29.15886],[-80.97178,29.15909],[-80.97332,29.16216],[-80.97435,29.1642],[-80.98243,29.18025],[-80.98278,29.18093],[-80.9838,29.18297],[-80.99542,29.20605],[-81.00266,29.22043],[-81.00622,29.2275],[-81.01394,29.24284],[-81.02042,29.2557],[-81.02709,29.26894],[-81.03765,29.28993],[-81.04668,29.30786],[-81.04734,29.30928],[-81.05107,29.31734],[-81.05892,29.33427],[-81.07052,29.3593],[-81.10192,29.42706],[-81.1239,29.47446],[-81.13369,29.49441],[-81.13595,29.49902],[-81.16358,29.55529],[-81.16535,29.55941],[-81.17614,29.58455],[-81.21156,29.66709],[-81.21288,29.67067],[-81.22902,29.71469],[-81.24092,29.73922],[-81.25239,29.77223],[-81.25671,29.78469],[-81.26318,29.81951],[-81.26339,29.82065],[-81.2634,29.82066],[-81.26344,29.82207],[-81.26423,29.84474],[-81.26469,29.85821],[-81.26497,29.85943],[-81.27044,29.88311],[-81.27654,29.90046],[-81.286,29.91168],[-81.28896,29.91518],[-81.29527,29.92861],[-81.30311,29.95197],[-81.30898,29.96944],[-81.35557,30.16248],[-81.35559,30.16256],[-81.37085,30.21932],[-81.37988,30.25291],[-81.3855,30.27381],[-81.3855,30.27384],[-81.38663,30.27928],[-81.38854,30.28855],[-81.39161,30.30344],[-81.39217,30.3077],[-81.39439,30.32463],[-81.39641,30.34004],[-81.3971,30.38133],[-81.39739,30.39875],[-81.39742,30.40063],[-81.40701,30.42204],[-81.41081,30.48204],[-81.42601,30.49674],[-81.44011,30.49768],[-81.44709,30.50368],[-81.44278,30.50992],[-81.43406,30.52257],[-81.44256,30.55519],[-81.44278,30.57397],[-81.4431,30.60094],[-81.4423,30.60538],[-81.43635,30.63861],[-81.43118,30.66752],[-81.43084,30.66939],[-81.42742,30.69802],[-81.43273,30.70302],[-81.44412,30.70971],[-81.44872,30.70935],[-81.45998,30.71043],[-81.46447,30.71104],[-81.46539,30.7113],[-81.4726,30.71331],[-81.47576,30.71475],[-81.48379,30.72389],[-81.48733,30.72608],[-81.48954,30.7261],[-81.50722,30.72294],[-81.51612,30.72224],[-81.52142,30.72254],[-81.52828,30.72336],[-81.53053,30.72286],[-81.53279,30.72161],[-81.53404,30.71985],[-81.53452,30.71794],[-81.53554,30.71635],[-81.53767,30.71435],[-81.5393,30.71347],[-81.54093,30.71334],[-81.54268,30.71359],[-81.54468,30.71397],[-81.54694,30.71435],[-81.54919,30.71597],[-81.55257,30.71697],[-81.56171,30.7156],[-81.56622,30.71784],[-81.56688,30.71832],[-81.57142,30.72164],[-81.57244,30.72195],[-81.57372,30.72234],[-81.58683,30.72374],[-81.59365,30.72546],[-81.60121,30.72814],[-81.60402,30.72729],[-81.60572,30.72534],[-81.60767,30.72192],[-81.6095,30.7207],[-81.61767,30.72205],[-81.61962,30.72485],[-81.62083,30.72953],[-81.62194,30.73119],[-81.62511,30.73302],[-81.62962,30.73241],[-81.63327,30.7296],[-81.64614,30.72759],[-81.6492,30.72869],[-81.65045,30.7297],[-81.65178,30.73228],[-81.65217,30.73565],[-81.65173,30.74023],[-81.65213,30.74244],[-81.65452,30.74388],[-81.65454,30.7439],[-81.65655,30.74511],[-81.66218,30.74652],[-81.66461,30.7466],[-81.66734,30.74566],[-81.66828,30.74464],[-81.66933,30.74133],[-81.67013,30.74023],[-81.67283,30.73894],[-81.68893,30.74143],[-81.691,30.74284],[-81.69183,30.74399],[-81.69282,30.7471],[-81.69479,30.74842],[-81.71149,30.7459],[-81.71994,30.74463],[-81.72714,30.74694],[-81.73224,30.74964],[-81.74275,30.7592],[-81.7431,30.75991],[-81.74345,30.76227],[-81.74419,30.76387],[-81.74505,30.76504],[-81.74632,30.76589],[-81.74758,30.76646],[-81.75129,30.76708],[-81.75509,30.76832],[-81.75833,30.77065],[-81.75935,30.77138],[-81.76338,30.77382],[-81.7682,30.77396],[-81.77048,30.77248],[-81.77262,30.76954],[-81.77503,30.76833],[-81.77918,30.76806],[-81.78267,30.76994],[-81.78436,30.77359],[-81.79278,30.78443],[-81.80667,30.78968],[-81.80854,30.79002],[-81.82703,30.78893],[-81.84039,30.78639],[-81.84207,30.78712],[-81.84356,30.78832],[-81.8463,30.79055],[-81.85264,30.79444],[-81.86862,30.79276],[-81.8769,30.79952],[-81.88274,30.80513],[-81.8913,30.81595],[-81.89292,30.81927],[-81.89574,30.8211],[-81.8994,30.82166],[-81.90235,30.82082],[-81.90376,30.81899],[-81.9063,30.81702],[-81.91094,30.81589],[-81.92447,30.81757],[-81.93467,30.82043],[-81.93546,30.82113],[-81.9384,30.82575],[-81.94319,30.82744],[-81.94981,30.8275],[-81.95978,30.82117],[-81.96206,30.81818],[-81.96219,30.818],[-81.96276,30.81364],[-81.96246,30.80844],[-81.96201,30.80044],[-81.96255,30.79653],[-81.97388,30.77849],[-81.97888,30.7765],[-81.97908,30.77642],[-81.98129,30.77677],[-81.98862,30.78006],[-81.99088,30.78161],[-81.99499,30.78607],[-82.00499,30.79174],[-82.00789,30.79294],[-82.01668,30.79171],[-82.01707,30.79166],[-82.02289,30.78799],[-82.02387,30.78669],[-82.02406,30.78316],[-82.0179,30.77585],[-82.01162,30.76312],[-82.01268,30.76129],[-82.01794,30.75526],[-82.02842,30.75098],[-82.03267,30.75067],[-82.03599,30.751],[-82.03899,30.74926],[-82.03966,30.74773],[-82.04005,30.73755],[-82.04119,30.73425],[-82.04382,30.72964],[-82.04103,30.72508],[-82.03918,30.72318],[-82.03759,30.71864],[-82.03645,30.70658],[-82.04183,30.69237],[-82.05045,30.67626],[-82.04953,30.65554],[-82.04614,30.65176],[-82.04229,30.64945],[-82.03962,30.64331],[-82.03911,30.64113],[-82.03996,30.63714],[-82.03763,30.63327],[-82.03395,30.6296],[-82.02852,30.62182],[-82.02656,30.6133],[-82.02736,30.60672],[-82.02696,30.60615],[-82.02045,30.60386],[-82.01652,30.60248],[-82.01573,30.6017],[-82.01213,30.59377],[-82.00811,30.57701],[-82.0055,30.56349],[-82.01324,30.55008],[-82.01838,30.53118],[-82.01889,30.52382],[-82.0177,30.52099],[-82.01701,30.51935],[-82.01585,30.51816],[-82.01479,30.513],[-82.01591,30.49549],[-82.01824,30.49207],[-82.01732,30.48763],[-82.017,30.47877],[-82.0178,30.47507],[-82.02375,30.46728],[-82.02548,30.45774],[-82.02823,30.44739],[-82.03008,30.44484],[-82.03622,30.43845],[-82.03723,30.43451],[-82.03448,30.42804],[-82.03402,30.42234],[-82.03999,30.41427],[-82.04118,30.40995],[-82.04201,30.40325],[-82.04118,30.39683],[-82.03589,30.38527],[-82.03684,30.37787],[-82.04077,30.37014],[-82.04794,30.36325],[-82.04997,30.36238],[-82.05009,30.36232],[-82.06006,30.36031],[-82.06855,30.35917],[-82.08113,30.35879],[-82.09471,30.36077],[-82.10014,30.36425],[-82.10182,30.36532],[-82.10144,30.36654],[-82.10252,30.36781],[-82.10486,30.3683],[-82.11641,30.36732],[-82.14331,30.36338],[-82.15813,30.3599],[-82.16178,30.35784],[-82.16522,30.35802],[-82.17008,30.35891],[-82.17153,30.35985],[-82.172,30.36033],[-82.18004,30.36861],[-82.18382,30.3737],[-82.18987,30.37592],[-82.19297,30.37877],[-82.20418,30.40132],[-82.21032,30.42458],[-82.2099,30.43281],[-82.20651,30.43707],[-82.204,30.44449],[-82.20485,30.45183],[-82.20607,30.45549],[-82.20755,30.45692],[-82.20773,30.46049],[-82.20464,30.46886],[-82.20096,30.47443],[-82.20144,30.48515],[-82.20647,30.49187],[-82.21288,30.49874],[-82.21854,30.50418],[-82.22505,30.50782],[-82.22696,30.51027],[-82.23041,30.51733],[-82.22943,30.52081],[-82.23078,30.52675],[-82.23498,30.53306],[-82.23585,30.53718],[-82.23563,30.54488],[-82.23194,30.55626],[-82.22728,30.56103],[-82.22305,30.5632],[-82.21861,30.5644],[-82.21441,30.56695],[-82.21485,30.56851],[-82.21487,30.56858],[-82.24987,30.57086],[-82.25813,30.57155],[-82.28737,30.57345],[-82.37488,30.579],[-82.41892,30.58173],[-82.45958,30.58426],[-82.45979,30.58428],[-82.52494,30.58818],[-82.53627,30.58888],[-82.5451,30.58935],[-82.5532,30.58993],[-82.56552,30.59061],[-82.56928,30.59096],[-82.584,30.59179],[-82.68932,30.59771],[-82.68954,30.59772],[-82.69866,30.59822],[-82.69895,30.59826],[-82.87731,30.60902],[-82.87883,30.60907],[-82.93992,30.61258],[-83.05571,30.61923],[-83.05596,30.61924],[-83.13143,30.62357],[-83.13661,30.62398],[-83.15623,30.6255],[-83.16337,30.62589],[-83.17242,30.62633],[-83.17447,30.62644],[-83.18745,30.62721],[-83.27172,30.63218],[-83.30926,30.63439],[-83.30952,30.63441],[-83.31172,30.63457],[-83.34108,30.63634],[-83.3577,30.63735],[-83.37953,30.63867],[-83.39013,30.63932],[-83.42955,30.64151],[-83.42966,30.64149],[-83.44009,30.64202],[-83.44897,30.6424],[-83.49995,30.64566],[-83.53687,30.64751],[-83.61172,30.65124],[-83.61175,30.65125],[-83.67414,30.65474],[-83.67685,30.6549],[-83.74373,30.65838],[-83.81062,30.66187],[-83.82097,30.6626],[-83.8553,30.6644],[-83.87989,30.6658],[-83.88031,30.66582],[-83.88041,30.6658],[-84.00745,30.67209],[-84.00748,30.67209],[-84.01909,30.67271],[-84.0398,30.67381],[-84.0419,30.67387],[-84.0467,30.67419],[-84.05732,30.6747],[-84.07277,30.67534],[-84.08376,30.6758],[-84.1078,30.67681],[-84.12499,30.67804],[-84.15521,30.67951],[-84.25,30.68414],[-84.25412,30.68428],[-84.28131,30.68525],[-84.28256,30.68531],[-84.37501,30.68979],[-84.38071,30.68996],[-84.38073,30.68996],[-84.47452,30.69278],[-84.52589,30.69594],[-84.53516,30.69651],[-84.53948,30.69676],[-84.5508,30.69729],[-84.60636,30.69986],[-84.6065,30.69985],[-84.64493,30.70198],[-84.72516,30.70563],[-84.83645,30.7107],[-84.86346,30.71151],[-84.86469,30.71154],[-84.86988,30.72189],[-84.87555,30.72748],[-84.88395,30.73258],[-84.88535,30.73498],[-84.88765,30.74178],[-84.89625,30.75058],[-84.89775,30.75138],[-84.90035,30.75188],[-84.90325,30.75178],[-84.90645,30.75058],[-84.91125,30.75118],[-84.91365,30.75228],[-84.91445,30.75358],[-84.91515,30.76118],[-84.92025,30.76598],[-84.91815,30.77208],[-84.91755,30.77588],[-84.91815,30.77808],[-84.92685,30.79018],[-84.92845,30.79308],[-84.92891,30.79585],[-84.92915,30.79728],[-84.92805,30.80278],[-84.92845,30.80508],[-84.93105,30.81048],[-84.93554,30.8172],[-84.93617,30.82067],[-84.9357,30.8246],[-84.93538,30.83089],[-84.93428,30.83403],[-84.93208,30.83749],[-84.92956,30.84032],[-84.92846,30.84253],[-84.92846,30.84426],[-84.92893,30.84677],[-84.93019,30.84882],[-84.93335,30.85148],[-84.93538,30.85432],[-84.93554,30.85841],[-84.93475,30.86061],[-84.93412,30.86329],[-84.93475,30.86549],[-84.93586,30.86754],[-84.9379,30.87052],[-84.93853,30.87304],[-84.93774,30.87587],[-84.9357,30.8787],[-84.93554,30.88248],[-84.93696,30.88468],[-84.93821,30.88562],[-84.9401,30.88672],[-84.94145,30.88768],[-84.94265,30.88848],[-84.94975,30.89738],[-84.95245,30.90228],[-84.95625,30.90758],[-84.96685,30.91728],[-84.96955,30.92198],[-84.97116,30.92818],[-84.97536,30.93079],[-84.98076,30.93268],[-84.98326,30.93478],[-84.98376,30.93698],[-84.98316,30.94258],[-84.98236,30.94688],[-84.97976,30.95468],[-84.97976,30.95898],[-84.98026,30.96129],[-84.98266,30.96559],[-84.98496,30.96748],[-84.98816,30.96879],[-84.99776,30.97118],[-84.99996,30.97149],[-85.00006,30.97118],[-85.00416,30.97347],[-85.00524,30.9747],[-85.00606,30.97704],[-85.00606,30.97733],[-85.00607,30.9798],[-85.00267,30.9869],[-85.00185,30.99707],[-85.0019,31.00068],[-85.0025,31.00068],[-85.02424,31.00068],[-85.02764,31.00067],[-85.03024,31.00065],[-85.03128,31.00065],[-85.05222,31.00058],[-85.05493,31.00058],[-85.05766,31.00058],[-85.14596,31.00069],[-85.15221,31.00089],[-85.15234,31.00083],[-85.15458,31.00083],[-85.24009,31.00088],[-85.24375,31.00088],[-85.32892,30.99956],[-85.32906,30.99955],[-85.38175,30.99874],[-85.4883,30.99708],[-85.49799,30.99693],[-85.49838,30.99692],[-85.58329,30.99637],[-85.64626,30.99596],[-85.74971,30.99528],[-85.75003,30.99483],[-85.83112,30.99405],[-85.83113,30.99405],[-85.89363,30.99346],[-85.96567,30.99305],[-85.99873,30.99286],[-86.03504,30.99331],[-86.03512,30.99331],[-86.05254,30.99323],[-86.05629,30.99312],[-86.117,30.9929],[-86.13274,30.99316],[-86.16296,30.99367],[-86.16906,30.99369],[-86.17528,30.99378],[-86.18031,30.99399],[-86.18725,30.99403],[-86.23841,30.99435],[-86.25652,30.99384],[-86.28885,30.99378],[-86.28932,30.99378],[-86.30467,30.99401],[-86.36497,30.99444],[-86.36934,30.99446],[-86.37461,30.99446],[-86.38865,30.99416],[-86.38871,30.99416],[-86.392,30.99415],[-86.40498,30.99403],[-86.45477,30.99377],[-86.45838,30.99398],[-86.50001,30.99332],[-86.51289,30.99368],[-86.52,30.99322],[-86.54249,30.99425],[-86.54249,30.99425],[-86.56349,30.9952],[-86.56764,30.99509],[-86.66473,30.99451],[-86.67843,30.99451],[-86.68831,30.99457],[-86.70631,30.99468],[-86.72543,30.99685],[-86.72734,30.99686],[-86.72844,30.99672],[-86.74529,30.99627],[-86.78569,30.99695],[-86.78597,30.99695],[-86.83054,30.99738],[-86.83198,30.99735],[-86.87303,30.99761],[-86.88818,30.99755],[-86.92785,30.99768],[-86.99851,30.99863],[-87.0044,30.99929],[-87.02714,30.99923],[-87.0364,30.99932],[-87.04002,30.99957],[-87.05377,30.9991],[-87.0641,30.99916],[-87.06867,30.99911],[-87.11508,30.99938],[-87.1189,30.9994],[-87.125,30.99877],[-87.14079,30.9995],[-87.16264,30.99903],[-87.16362,30.999],[-87.16365,30.999],[-87.1748,30.99866],[-87.22477,30.99714],[-87.23771,30.99636],[-87.255,30.99826],[-87.25562,30.99819],[-87.25703,30.99816],[-87.25799,30.99823],[-87.25971,30.99814],[-87.26056,30.99817],[-87.26559,30.99824],[-87.28893,30.99832],[-87.29102,30.99832],[-87.30159,30.9984],[-87.30405,30.99816],[-87.31221,30.9984],[-87.334,30.99824],[-87.34784,30.99822],[-87.35568,30.99821],[-87.36387,30.99819],[-87.36403,30.99819],[-87.36786,30.99826],[-87.42579,30.99806],[-87.43231,30.99817],[-87.44983,30.99824],[-87.45572,30.99828],[-87.45867,30.99835],[-87.46165,30.99817],[-87.4618,30.99817],[-87.46684,30.99815],[-87.46689,30.99815],[-87.47872,30.99818],[-87.47972,30.99816],[-87.48026,30.99817],[-87.48842,30.99804],[-87.49838,30.99788],[-87.51953,30.99755],[-87.54855,30.99789],[-87.57129,30.99784],[-87.59883,30.99742],[-87.59894,30.99742],[-87.59918,30.99569],[-87.59673,30.98758],[-87.5934,30.98293],[-87.59269,30.98011],[-87.59417,30.97754],[-87.59412,30.9763],[-87.59306,30.97293],[-87.59093,30.96938],[-87.5892,30.96443],[-87.59206,30.95146],[-87.5969,30.9411],[-87.59831,30.93876],[-87.6007,30.93704],[-87.60269,30.93425],[-87.60782,30.92446],[-87.60827,30.92187],[-87.61021,30.9166],[-87.61185,30.91451],[-87.61422,30.90851],[-87.61496,30.9042],[-87.61602,30.90142],[-87.62072,30.8989],[-87.62221,30.89748],[-87.62252,30.89365],[-87.62093,30.88989],[-87.62079,30.88746],[-87.62207,30.88538],[-87.62441,30.88467],[-87.62946,30.88009],[-87.62999,30.87766],[-87.63484,30.86611]]]]}},{"type":"Feature","id":"Georgia","properties":{"name":"Georgia"},"geometry":{"type":"MultiPolygon","coordinates":[[[[-85.60516,34.98468],[-85.59939,34.95177],[-85.59878,34.94492],[-85.59519,34.92433],[-85.59516,34.92417],[-85.58315,34.86037],[-85.57593,34.82373],[-85.57436,34.81574],[-85.56142,34.75008],[-85.55807,34.73442],[-85.55249,34.70832],[-85.55246,34.70814],[-85.54251,34.66244],[-85.54128,34.65678],[-85.54127,34.6567],[-85.53434,34.62508],[-85.5341,34.62386],[-85.52727,34.58868],[-85.51709,34.5426],[-85.51395,34.52519],[-85.51373,34.52419],[-85.51372,34.52417],[-85.51212,34.51825],[-85.5084,34.50121],[-85.50247,34.47453],[-85.50233,34.47395],[-85.48461,34.39289],[-85.47047,34.32824],[-85.4677,34.31436],[-85.46211,34.28639],[-85.45872,34.26944],[-85.4581,34.26573],[-85.4554,34.25285],[-85.45508,34.25069],[-85.44475,34.19994],[-85.44473,34.19989],[-85.4295,34.1251],[-85.42825,34.1144],[-85.42188,34.08082],[-85.42026,34.07228],[-85.40678,34.00231],[-85.40595,34.0001],[-85.39887,33.96413],[-85.38651,33.90172],[-85.37746,33.85605],[-85.36189,33.77395],[-85.36188,33.77394],[-85.36053,33.76796],[-85.35744,33.7501],[-85.35702,33.74796],[-85.35529,33.73925],[-85.33825,33.65311],[-85.31539,33.53764],[-85.31504,33.5359],[-85.31414,33.53022],[-85.31405,33.52981],[-85.30449,33.48288],[-85.29395,33.42807],[-85.28146,33.36307],[-85.26272,33.26559],[-85.25219,33.21082],[-85.23657,33.12955],[-85.23244,33.10807],[-85.22333,33.06258],[-85.22193,33.05554],[-85.21096,33.00058],[-85.20419,32.96671],[-85.20262,32.95884],[-85.18881,32.88972],[-85.18634,32.87379],[-85.18579,32.87027],[-85.1844,32.86132],[-85.17704,32.8569],[-85.1535,32.84278],[-85.16662,32.81446],[-85.16791,32.81168],[-85.16794,32.81161],[-85.13332,32.78208],[-85.12219,32.77335],[-85.13888,32.76006],[-85.1301,32.75175],[-85.11855,32.74082],[-85.11425,32.73045],[-85.12013,32.72025],[-85.12274,32.71573],[-85.11519,32.68735],[-85.11474,32.68563],[-85.09354,32.66973],[-85.08853,32.65796],[-85.10534,32.64484],[-85.08974,32.6316],[-85.07968,32.6081],[-85.06766,32.58001],[-85.03447,32.55275],[-85.02251,32.54292],[-85.0071,32.52387],[-85.00523,32.5162],[-85.00374,32.5101],[-85.00284,32.50641],[-85.00089,32.49844],[-84.99861,32.4891],[-84.99575,32.47735],[-84.99523,32.47524],[-84.99524,32.47259],[-84.99528,32.46503],[-84.99529,32.46192],[-84.99533,32.45324],[-84.99495,32.45307],[-84.98004,32.44648],[-84.97183,32.44284],[-84.96848,32.43474],[-84.96343,32.42254],[-84.97517,32.41493],[-84.97708,32.39082],[-84.98002,32.38436],[-84.98115,32.38188],[-84.98191,32.38019],[-84.98347,32.36319],[-85.0081,32.33668],[-85.00187,32.32202],[-84.95645,32.30616],[-84.9338,32.29826],[-84.88943,32.26194],[-84.88946,32.26193],[-84.91403,32.24875],[-84.92143,32.23085],[-84.92503,32.22215],[-84.95942,32.21988],[-84.96743,32.21935],[-84.97933,32.20725],[-84.96463,32.20355],[-84.96173,32.19865],[-85.01127,32.18049],[-85.05875,32.13602],[-85.04706,32.08739],[-85.04934,32.06244],[-85.05382,32.0135],[-85.0632,31.99186],[-85.07533,31.96386],[-85.08213,31.94466],[-85.11993,31.89326],[-85.12818,31.88515],[-85.12984,31.88351],[-85.14183,31.83926],[-85.13247,31.81806],[-85.13123,31.81526],[-85.13653,31.78896],[-85.13384,31.78035],[-85.12869,31.76388],[-85.11893,31.73266],[-85.12553,31.69496],[-85.08273,31.64977],[-85.06216,31.62291],[-85.05796,31.57084],[-85.04188,31.54468],[-85.04499,31.51823],[-85.04556,31.51716],[-85.04728,31.51394],[-85.07162,31.46838],[-85.06601,31.43136],[-85.07998,31.41047],[-85.07758,31.39812],[-85.08769,31.37423],[-85.09249,31.36288],[-85.08666,31.33999],[-85.08883,31.30865],[-85.08977,31.29503],[-85.10146,31.28619],[-85.11455,31.2763],[-85.09884,31.23252],[-85.09977,31.20975],[-85.1065,31.1895],[-85.10752,31.18645],[-85.09341,31.16233],[-85.07663,31.15693],[-85.05287,31.11949],[-85.03562,31.10819],[-85.0266,31.08096],[-85.02358,31.0755],[-85.01139,31.05355],[-85.0015,31.00504],[-85.0025,31.00068],[-85.0019,31.00068],[-85.00185,30.99707],[-85.00267,30.9869],[-85.00607,30.9798],[-85.00606,30.97733],[-85.00606,30.97704],[-85.00524,30.9747],[-85.00416,30.97347],[-85.00006,30.97118],[-84.99996,30.97149],[-84.99776,30.97118],[-84.98816,30.96879],[-84.98496,30.96748],[-84.98266,30.96559],[-84.98026,30.96129],[-84.97976,30.95898],[-84.97976,30.95468],[-84.98236,30.94688],[-84.98316,30.94258],[-84.98376,30.93698],[-84.98326,30.93478],[-84.98076,30.93268],[-84.97536,30.93079],[-84.97116,30.92818],[-84.96955,30.92198],[-84.96685,30.91728],[-84.95625,30.90758],[-84.95245,30.90228],[-84.94975,30.89738],[-84.94265,30.88848],[-84.94145,30.88768],[-84.9401,30.88672],[-84.93821,30.88562],[-84.93696,30.88468],[-84.93554,30.88248],[-84.9357,30.8787],[-84.93774,30.87587],[-84.93853,30.87304],[-84.9379,30.87052],[-84.93586,30.86754],[-84.93475,30.86549],[-84.93412,30.86329],[-84.93475,30.86061],[-84.93554,30.85841],[-84.93538,30.85432],[-84.93335,30.85148],[-84.93019,30.84882],[-84.92893,30.84677],[-84.92846,30.84426],[-84.92846,30.84253],[-84.92956,30.84032],[-84.93208,30.83749],[-84.93428,30.83403],[-84.93538,30.83089],[-84.9357,30.8246],[-84.93617,30.82067],[-84.93554,30.8172],[-84.93105,30.81048],[-84.92845,30.80508],[-84.92805,30.80278],[-84.92915,30.79728],[-84.92891,30.79585],[-84.92845,30.79308],[-84.92685,30.79018],[-84.91815,30.77808],[-84.91755,30.77588],[-84.91815,30.77208],[-84.92025,30.76598],[-84.91515,30.76118],[-84.91445,30.75358],[-84.91365,30.75228],[-84.91125,30.75118],[-84.90645,30.75058],[-84.90325,30.75178],[-84.90035,30.75188],[-84.89775,30.75138],[-84.89625,30.75058],[-84.88765,30.74178],[-84.88535,30.73498],[-84.88395,30.73258],[-84.87555,30.72748],[-84.86988,30.72189],[-84.86469,30.71154],[-84.86346,30.71151],[-84.83645,30.7107],[-84.72516,30.70563],[-84.64493,30.70198],[-84.6065,30.69985],[-84.60636,30.69986],[-84.5508,30.69729],[-84.53948,30.69676],[-84.53516,30.69651],[-84.52589,30.69594],[-84.47452,30.69278],[-84.38073,30.68996],[-84.38071,30.68996],[-84.37501,30.68979],[-84.28256,30.68531],[-84.28131,30.68525],[-84.25412,30.68428],[-84.25,30.68414],[-84.15521,30.67951],[-84.12499,30.67804],[-84.1078,30.67681],[-84.08376,30.6758],[-84.07277,30.67534],[-84.05732,30.6747],[-84.0467,30.67419],[-84.0419,30.67387],[-84.0398,30.67381],[-84.01909,30.67271],[-84.00748,30.67209],[-84.00745,30.67209],[-83.88041,30.6658],[-83.88031,30.66582],[-83.87989,30.6658],[-83.8553,30.6644],[-83.82097,30.6626],[-83.81062,30.66187],[-83.74373,30.65838],[-83.67685,30.6549],[-83.67414,30.65474],[-83.61175,30.65125],[-83.61172,30.65124],[-83.53687,30.64751],[-83.49995,30.64566],[-83.44897,30.6424],[-83.44009,30.64202],[-83.42966,30.64149],[-83.42955,30.64151],[-83.39013,30.63932],[-83.37953,30.63867],[-83.3577,30.63735],[-83.34108,30.63634],[-83.31172,30.63457],[-83.30952,30.63441],[-83.30926,30.63439],[-83.27172,30.63218],[-83.18745,30.62721],[-83.17447,30.62644],[-83.17242,30.62633],[-83.16337,30.62589],[-83.15623,30.6255],[-83.13661,30.62398],[-83.13143,30.62357],[-83.05596,30.61924],[-83.05571,30.61923],[-82.93992,30.61258],[-82.87883,30.60907],[-82.87731,30.60902],[-82.69895,30.59826],[-82.69866,30.59822],[-82.68954,30.59772],[-82.68932,30.59771],[-82.584,30.59179],[-82.56928,30.59096],[-82.56552,30.59061],[-82.5532,30.58993],[-82.5451,30.58935],[-82.53627,30.58888],[-82.52494,30.58818],[-82.45979,30.58428],[-82.45958,30.58426],[-82.41892,30.58173],[-82.37488,30.579],[-82.28737,30.57345],[-82.25813,30.57155],[-82.24987,30.57086],[-82.21487,30.56858],[-82.21485,30.56851],[-82.21441,30.56695],[-82.21861,30.5644],[-82.22305,30.5632],[-82.22728,30.56103],[-82.23194,30.55626],[-82.23563,30.54488],[-82.23585,30.53718],[-82.23498,30.53306],[-82.23078,30.52675],[-82.22943,30.52081],[-82.23041,30.51733],[-82.22696,30.51027],[-82.22505,30.50782],[-82.21854,30.50418],[-82.21288,30.49874],[-82.20647,30.49187],[-82.20144,30.48515],[-82.20096,30.47443],[-82.20464,30.46886],[-82.20773,30.46049],[-82.20755,30.45692],[-82.20607,30.45549],[-82.20485,30.45183],[-82.204,30.44449],[-82.20651,30.43707],[-82.2099,30.43281],[-82.21032,30.42458],[-82.20418,30.40132],[-82.19297,30.37877],[-82.18987,30.37592],[-82.18382,30.3737],[-82.18004,30.36861],[-82.172,30.36033],[-82.17153,30.35985],[-82.17008,30.35891],[-82.16522,30.35802],[-82.16178,30.35784],[-82.15813,30.3599],[-82.14331,30.36338],[-82.11641,30.36732],[-82.10486,30.3683],[-82.10252,30.36781],[-82.10144,30.36654],[-82.10182,30.36532],[-82.10014,30.36425],[-82.09471,30.36077],[-82.08113,30.35879],[-82.06855,30.35917],[-82.06006,30.36031],[-82.05009,30.36232],[-82.04997,30.36238],[-82.04794,30.36325],[-82.04077,30.37014],[-82.03684,30.37787],[-82.03589,30.38527],[-82.04118,30.39683],[-82.04201,30.40325],[-82.04118,30.40995],[-82.03999,30.41427],[-82.03402,30.42234],[-82.03448,30.42804],[-82.03723,30.43451],[-82.03622,30.43845],[-82.03008,30.44484],[-82.02823,30.44739],[-82.02548,30.45774],[-82.02375,30.46728],[-82.0178,30.47507],[-82.017,30.47877],[-82.01732,30.48763],[-82.01824,30.49207],[-82.01591,30.49549],[-82.01479,30.513],[-82.01585,30.51816],[-82.01701,30.51935],[-82.0177,30.52099],[-82.01889,30.52382],[-82.01838,30.53118],[-82.01324,30.55008],[-82.0055,30.56349],[-82.00811,30.57701],[-82.01213,30.59377],[-82.01573,30.6017],[-82.01652,30.60248],[-82.02045,30.60386],[-82.02696,30.60615],[-82.02736,30.60672],[-82.02656,30.6133],[-82.02852,30.62182],[-82.03395,30.6296],[-82.03763,30.63327],[-82.03996,30.63714],[-82.03911,30.64113],[-82.03962,30.64331],[-82.04229,30.64945],[-82.04614,30.65176],[-82.04953,30.65554],[-82.05045,30.67626],[-82.04183,30.69237],[-82.03645,30.70658],[-82.03759,30.71864],[-82.03918,30.72318],[-82.04103,30.72508],[-82.04382,30.72964],[-82.04119,30.73425],[-82.04005,30.73755],[-82.03966,30.74773],[-82.03899,30.74926],[-82.03599,30.751],[-82.03267,30.75067],[-82.02842,30.75098],[-82.01794,30.75526],[-82.01268,30.76129],[-82.01162,30.76312],[-82.0179,30.77585],[-82.02406,30.78316],[-82.02387,30.78669],[-82.02289,30.78799],[-82.01707,30.79166],[-82.01668,30.79171],[-82.00789,30.79294],[-82.00499,30.79174],[-81.99499,30.78607],[-81.99088,30.78161],[-81.98862,30.78006],[-81.98129,30.77677],[-81.97908,30.77642],[-81.97888,30.7765],[-81.97388,30.77849],[-81.96255,30.79653],[-81.96201,30.80044],[-81.96246,30.80844],[-81.96276,30.81364],[-81.96219,30.818],[-81.96206,30.81818],[-81.95978,30.82117],[-81.94981,30.8275],[-81.94319,30.82744],[-81.9384,30.82575],[-81.93546,30.82113],[-81.93467,30.82043],[-81.92447,30.81757],[-81.91094,30.81589],[-81.9063,30.81702],[-81.90376,30.81899],[-81.90235,30.82082],[-81.8994,30.82166],[-81.89574,30.8211],[-81.89292,30.81927],[-81.8913,30.81595],[-81.88274,30.80513],[-81.8769,30.79952],[-81.86862,30.79276],[-81.85264,30.79444],[-81.8463,30.79055],[-81.84356,30.78832],[-81.84207,30.78712],[-81.84039,30.78639],[-81.82703,30.78893],[-81.80854,30.79002],[-81.80667,30.78968],[-81.79278,30.78443],[-81.78436,30.77359],[-81.78267,30.76994],[-81.77918,30.76806],[-81.77503,30.76833],[-81.77262,30.76954],[-81.77048,30.77248],[-81.7682,30.77396],[-81.76338,30.77382],[-81.75935,30.77138],[-81.75833,30.77065],[-81.75509,30.76832],[-81.75129,30.76708],[-81.74758,30.76646],[-81.74632,30.76589],[-81.74505,30.76504],[-81.74419,30.76387],[-81.74345,30.76227],[-81.7431,30.75991],[-81.74275,30.7592],[-81.73224,30.74964],[-81.72714,30.74694],[-81.71994,30.74463],[-81.71149,30.7459],[-81.69479,30.74842],[-81.69282,30.7471],[-81.69183,30.74399],[-81.691,30.74284],[-81.68893,30.74143],[-81.67283,30.73894],[-81.67013,30.74023],[-81.66933,30.74133],[-81.66828,30.74464],[-81.66734,30.74566],[-81.66461,30.7466],[-81.66218,30.74652],[-81.65655,30.74511],[-81.65454,30.7439],[-81.65452,30.74388],[-81.65213,30.74244],[-81.65173,30.74023],[-81.65217,30.73565],[-81.65178,30.73228],[-81.65045,30.7297],[-81.6492,30.72869],[-81.64614,30.72759],[-81.63327,30.7296],[-81.62962,30.73241],[-81.62511,30.73302],[-81.62194,30.73119],[-81.62083,30.72953],[-81.61962,30.72485],[-81.61767,30.72205],[-81.6095,30.7207],[-81.60767,30.72192],[-81.60572,30.72534],[-81.60402,30.72729],[-81.60121,30.72814],[-81.59365,30.72546],[-81.58683,30.72374],[-81.57372,30.72234],[-81.57244,30.72195],[-81.57142,30.72164],[-81.56688,30.71832],[-81.56622,30.71784],[-81.56171,30.7156],[-81.55257,30.71697],[-81.54919,30.71597],[-81.54694,30.71435],[-81.54468,30.71397],[-81.54268,30.71359],[-81.54093,30.71334],[-81.5393,30.71347],[-81.53767,30.71435],[-81.53554,30.71635],[-81.53452,30.71794],[-81.53404,30.71985],[-81.53279,30.72161],[-81.53053,30.72286],[-81.52828,30.72336],[-81.52142,30.72254],[-81.51612,30.72224],[-81.50722,30.72294],[-81.48954,30.7261],[-81.48733,30.72608],[-81.48379,30.72389],[-81.47576,30.71475],[-81.4726,30.71331],[-81.46539,30.7113],[-81.46447,30.71104],[-81.45998,30.71043],[-81.44872,30.70935],[-81.44412,30.70971],[-81.44938,30.7156],[-81.45947,30.74198],[-81.46107,30.75368],[-81.46006,30.76991],[-81.45529,30.79093],[-81.44693,30.81039],[-81.44013,30.82137],[-81.43084,30.83116],[-81.42858,30.83634],[-81.40515,30.9082],[-81.40341,30.95791],[-81.40848,30.97772],[-81.41582,30.97719],[-81.42011,30.97408],[-81.42693,30.95661],[-81.43655,30.95667],[-81.44739,30.95673],[-81.45357,30.96557],[-81.46681,30.97091],[-81.47232,30.9699],[-81.47579,30.96598],[-81.48697,30.9696],[-81.49018,30.97342],[-81.49365,30.97753],[-81.49059,30.98495],[-81.4693,30.99603],[-81.45924,31.00569],[-81.4578,31.01026],[-81.45144,31.01552],[-81.44315,31.01666],[-81.43492,31.0178],[-81.43471,31.01464],[-81.43247,31.01299],[-81.42473,31.01368],[-81.42047,31.0167],[-81.41512,31.02672],[-81.40127,31.07278],[-81.40121,31.08614],[-81.40373,31.10712],[-81.4021,31.12538],[-81.40078,31.13014],[-81.39968,31.13411],[-81.39931,31.13409],[-81.38683,31.13321],[-81.36824,31.13653],[-81.36027,31.14786],[-81.35935,31.14917],[-81.36079,31.1559],[-81.35488,31.1672],[-81.34791,31.17587],[-81.33903,31.18692],[-81.31418,31.20794],[-81.30496,31.20617],[-81.29336,31.20633],[-81.2884,31.21107],[-81.28857,31.21444],[-81.28914,31.22549],[-81.28284,31.24433],[-81.27686,31.25473],[-81.27469,31.28945],[-81.26991,31.29449],[-81.26096,31.30391],[-81.25482,31.31545],[-81.26803,31.32422],[-81.27451,31.32624],[-81.28292,31.32649],[-81.27934,31.35113],[-81.2788,31.36721],[-81.27709,31.37036],[-81.25862,31.40442],[-81.24691,31.42278],[-81.20488,31.47312],[-81.18964,31.50359],[-81.17725,31.51707],[-81.17831,31.52241],[-81.18159,31.5277],[-81.19302,31.53583],[-81.19952,31.5376],[-81.21352,31.52815],[-81.21795,31.52728],[-81.24136,31.5283],[-81.25509,31.5289],[-81.25881,31.52906],[-81.26344,31.53093],[-81.2639,31.53258],[-81.2626,31.53792],[-81.26008,31.54828],[-81.25422,31.55594],[-81.2407,31.55231],[-81.21454,31.5576],[-81.20431,31.56818],[-81.19438,31.5681],[-81.19402,31.5681],[-81.1891,31.56806],[-81.18611,31.56803],[-81.18325,31.56006],[-81.17882,31.55553],[-81.17308,31.55591],[-81.16036,31.57044],[-81.14997,31.59348],[-81.13349,31.62335],[-81.13173,31.65448],[-81.13641,31.67483],[-81.13561,31.68349],[-81.13114,31.69577],[-81.13939,31.69992],[-81.14937,31.6993],[-81.15189,31.69841],[-81.15462,31.69387],[-81.16108,31.6914],[-81.1863,31.70151],[-81.20357,31.71945],[-81.19839,31.72607],[-81.19278,31.73325],[-81.16067,31.72814],[-81.15469,31.7262],[-81.13845,31.72093],[-81.13063,31.72269],[-81.0974,31.75313],[-81.07706,31.76126],[-81.06812,31.76873],[-81.04735,31.80287],[-81.03687,31.81272],[-81.03696,31.81956],[-81.03981,31.823],[-81.04794,31.82488],[-81.05095,31.82238],[-81.05718,31.82269],[-81.07581,31.82903],[-81.07618,31.83613],[-81.06279,31.84474],[-81.05907,31.85011],[-81.0586,31.85781],[-81.06119,31.86534],[-81.06525,31.8771],[-81.04155,31.8762],[-81.01448,31.86747],[-81.00032,31.85674],[-80.99269,31.85764],[-80.97143,31.87794],[-80.94729,31.89621],[-80.93451,31.90918],[-80.94136,31.91298],[-80.95447,31.91177],[-80.96849,31.91582],[-80.97571,31.9236],[-80.97473,31.92883],[-80.97376,31.93402],[-80.97239,31.94127],[-80.94849,31.95723],[-80.94294,31.95707],[-80.94115,31.95702],[-80.93028,31.9567],[-80.9291,31.94496],[-80.91121,31.94377],[-80.89769,31.94907],[-80.88281,31.95907],[-80.86281,31.96935],[-80.85164,31.98406],[-80.8509,31.98504],[-80.84986,31.9864],[-80.84844,31.98828],[-80.84191,32.00264],[-80.84055,32.01131],[-80.84074,32.01225],[-80.84313,32.02423],[-80.85228,32.02668],[-80.86721,32.01882],[-80.87981,32.01937],[-80.87985,32.01943],[-80.88459,32.02775],[-80.89193,32.03388],[-80.91784,32.03757],[-80.92279,32.03915],[-80.92675,32.04167],[-80.93356,32.04755],[-80.94323,32.05782],[-80.95448,32.06862],[-80.9594,32.07126],[-80.97883,32.07731],[-80.98313,32.07961],[-80.98773,32.08421],[-80.99173,32.09121],[-80.99433,32.09461],[-80.99983,32.09901],[-81.0023,32.10005],[-81.00674,32.10115],[-81.01196,32.10018],[-81.01601,32.09742],[-81.0201,32.09267],[-81.02162,32.0909],[-81.03267,32.08545],[-81.03826,32.08447],[-81.05023,32.08531],[-81.06044,32.0875],[-81.06691,32.09035],[-81.08355,32.10078],[-81.08757,32.1035],[-81.08823,32.10395],[-81.09087,32.10699],[-81.0915,32.11078],[-81.09339,32.11123],[-81.10046,32.11118],[-81.11113,32.11201],[-81.11333,32.11321],[-81.11723,32.1176],[-81.11946,32.13106],[-81.11999,32.13427],[-81.11913,32.1421],[-81.11833,32.1444],[-81.12003,32.1533],[-81.12203,32.1618],[-81.12313,32.1629],[-81.12843,32.1644],[-81.12963,32.1656],[-81.1294,32.16692],[-81.12813,32.1691],[-81.12449,32.17212],[-81.12113,32.1749],[-81.11943,32.1754],[-81.11936,32.17714],[-81.12043,32.1787],[-81.11983,32.1812],[-81.11793,32.1853],[-81.11823,32.1892],[-81.12315,32.20133],[-81.12828,32.20863],[-81.13601,32.21286],[-81.13673,32.21367],[-81.14314,32.22173],[-81.14653,32.22694],[-81.1485,32.22996],[-81.15353,32.23769],[-81.156,32.24148],[-81.15659,32.24391],[-81.1556,32.24602],[-81.14833,32.2551],[-81.14583,32.2634],[-81.13653,32.2727],[-81.13083,32.2746],[-81.12803,32.2763],[-81.12143,32.2845],[-81.11963,32.2876],[-81.11983,32.2896],[-81.12233,32.30539],[-81.12293,32.3073],[-81.12393,32.3087],[-81.12543,32.30929],[-81.13573,32.32459],[-81.13763,32.32819],[-81.13703,32.32999],[-81.13303,32.33479],[-81.13363,32.34129],[-81.14093,32.34939],[-81.14253,32.35089],[-81.14392,32.35108],[-81.14403,32.35109],[-81.14763,32.34939],[-81.14848,32.34755],[-81.14907,32.34668],[-81.15059,32.34587],[-81.15211,32.34582],[-81.1533,32.34582],[-81.154,32.34592],[-81.15443,32.34609],[-81.15481,32.34641],[-81.15514,32.34717],[-81.15497,32.34879],[-81.15503,32.35009],[-81.16173,32.35609],[-81.17013,32.36132],[-81.17086,32.36272],[-81.17055,32.36382],[-81.16933,32.36559],[-81.16872,32.36754],[-81.16933,32.36944],[-81.17343,32.37259],[-81.18026,32.37957],[-81.18107,32.3804],[-81.17813,32.38459],[-81.17723,32.39169],[-81.18093,32.39649],[-81.18973,32.40729],[-81.19493,32.41149],[-81.20513,32.42379],[-81.20843,32.43599],[-81.20725,32.43754],[-81.20453,32.43869],[-81.20259,32.43983],[-81.20159,32.44136],[-81.20114,32.44296],[-81.20114,32.44403],[-81.20221,32.44548],[-81.20305,32.44716],[-81.20305,32.44884],[-81.20236,32.45045],[-81.20091,32.45159],[-81.19753,32.45209],[-81.19263,32.45629],[-81.18733,32.46289],[-81.18683,32.46409],[-81.18813,32.46539],[-81.18923,32.46559],[-81.19243,32.46479],[-81.19483,32.46509],[-81.20003,32.46798],[-81.21243,32.47868],[-81.22753,32.49388],[-81.23359,32.49849],[-81.23828,32.50599],[-81.23873,32.5089],[-81.23841,32.51019],[-81.23671,32.5114],[-81.23483,32.51227],[-81.23402,32.51378],[-81.23466,32.51627],[-81.23709,32.51731],[-81.24501,32.51832],[-81.24787,32.51823],[-81.24983,32.51754],[-81.25288,32.51833],[-81.26257,32.52516],[-81.27713,32.53542],[-81.27624,32.53856],[-81.2748,32.54114],[-81.27493,32.54416],[-81.27521,32.5452],[-81.27924,32.55459],[-81.2813,32.55644],[-81.28132,32.55646],[-81.29676,32.56265],[-81.29796,32.56303],[-81.30059,32.56284],[-81.30901,32.56097],[-81.32059,32.55953],[-81.32875,32.56123],[-81.36696,32.57706],[-81.36839,32.58422],[-81.36898,32.59002],[-81.36976,32.59123],[-81.37157,32.59202],[-81.37318,32.59211],[-81.37624,32.58922],[-81.37922,32.58902],[-81.381,32.58965],[-81.38926,32.59538],[-81.38934,32.59544],[-81.39387,32.60234],[-81.39711,32.60559],[-81.40471,32.61121],[-81.41191,32.61841],[-81.41866,32.62939],[-81.41843,32.6347],[-81.41701,32.63615],[-81.41476,32.63744],[-81.41341,32.63737],[-81.41152,32.63291],[-81.41026,32.63139],[-81.40933,32.6311],[-81.40727,32.63174],[-81.40285,32.63621],[-81.40274,32.63703],[-81.40424,32.63826],[-81.40511,32.64269],[-81.40358,32.6434],[-81.39459,32.64957],[-81.39303,32.65154],[-81.39382,32.65349],[-81.39831,32.65631],[-81.40527,32.65652],[-81.40719,32.66052],[-81.4073,32.66156],[-81.40665,32.66251],[-81.40658,32.66266],[-81.40429,32.6678],[-81.40103,32.67749],[-81.40123,32.67988],[-81.40126,32.68016],[-81.40831,32.69491],[-81.40935,32.69527],[-81.40998,32.69518],[-81.41075,32.69477],[-81.41116,32.69396],[-81.41161,32.69315],[-81.4131,32.69265],[-81.42673,32.70087],[-81.42752,32.7019],[-81.42119,32.71198],[-81.42052,32.72024],[-81.41854,32.73259],[-81.41267,32.73908],[-81.41155,32.74014],[-81.41084,32.74169],[-81.41056,32.74324],[-81.41028,32.74465],[-81.41056,32.74592],[-81.41141,32.74733],[-81.41282,32.74817],[-81.41535,32.74888],[-81.4162,32.75043],[-81.41676,32.75226],[-81.41648,32.75465],[-81.41521,32.75775],[-81.41648,32.76029],[-81.41761,32.76268],[-81.42014,32.7655],[-81.4224,32.76705],[-81.42502,32.76806],[-81.4262,32.76832],[-81.42648,32.76902],[-81.42648,32.77029],[-81.42606,32.77114],[-81.42564,32.77184],[-81.42471,32.77265],[-81.42268,32.77325],[-81.42127,32.77466],[-81.42113,32.77593],[-81.42099,32.77691],[-81.42113,32.77804],[-81.42211,32.77931],[-81.42423,32.78015],[-81.42648,32.78142],[-81.42831,32.78311],[-81.42859,32.78405],[-81.42902,32.78551],[-81.42803,32.78762],[-81.425,32.79033],[-81.42523,32.79419],[-81.42487,32.80188],[-81.42377,32.81051],[-81.41975,32.81373],[-81.4185,32.81566],[-81.41798,32.8182],[-81.42062,32.83122],[-81.42161,32.83518],[-81.42647,32.84077],[-81.44267,32.85011],[-81.4436,32.85063],[-81.44487,32.85097],[-81.4494,32.84913],[-81.4512,32.84792],[-81.45257,32.84795],[-81.45395,32.84976],[-81.45598,32.85411],[-81.45302,32.85964],[-81.45135,32.86858],[-81.45246,32.87174],[-81.45288,32.87296],[-81.45392,32.87407],[-81.46804,32.87667],[-81.47038,32.87627],[-81.47592,32.87764],[-81.47944,32.88108],[-81.4771,32.88747],[-81.4717,32.89044],[-81.47084,32.89052],[-81.46465,32.896],[-81.46407,32.89781],[-81.46592,32.89989],[-81.46898,32.90108],[-81.47918,32.90564],[-81.48001,32.91344],[-81.4832,32.9218],[-81.49509,32.9316],[-81.49983,32.93261],[-81.50243,32.93535],[-81.50272,32.93869],[-81.49957,32.94372],[-81.49945,32.94499],[-81.50402,32.94809],[-81.50705,32.95119],[-81.50814,32.95398],[-81.50844,32.95576],[-81.50854,32.95716],[-81.50844,32.95835],[-81.50774,32.95924],[-81.50744,32.96024],[-81.50714,32.96133],[-81.50645,32.96242],[-81.50526,32.96302],[-81.50335,32.96295],[-81.50137,32.96291],[-81.49983,32.96382],[-81.49947,32.96478],[-81.49474,32.979],[-81.49146,32.99544],[-81.4912,32.99782],[-81.49142,33.00808],[-81.49225,33.00934],[-81.50203,33.01511],[-81.51125,33.02779],[-81.51323,33.02855],[-81.51963,33.02918],[-81.53879,33.03919],[-81.54008,33.04061],[-81.54209,33.04486],[-81.54251,33.04525],[-81.54426,33.04691],[-81.54678,33.04715],[-81.55184,33.04474],[-81.55364,33.04414],[-81.55701,33.0451],[-81.55834,33.04618],[-81.55918,33.04739],[-81.55966,33.04907],[-81.55917,33.05177],[-81.55894,33.05292],[-81.55918,33.05412],[-81.5605,33.05521],[-81.56134,33.05557],[-81.56207,33.05557],[-81.56255,33.05557],[-81.56327,33.05557],[-81.56471,33.05473],[-81.56676,33.05376],[-81.56892,33.05352],[-81.57288,33.05418],[-81.57833,33.05894],[-81.58099,33.0627],[-81.5838,33.06702],[-81.58854,33.07085],[-81.5907,33.07121],[-81.59265,33.06991],[-81.59455,33.06989],[-81.59925,33.07181],[-81.60009,33.0735],[-81.60021,33.07518],[-81.59937,33.07687],[-81.59829,33.07915],[-81.59816,33.08108],[-81.60021,33.08397],[-81.60165,33.08469],[-81.60359,33.08458],[-81.60684,33.08172],[-81.60899,33.0818],[-81.60984,33.08216],[-81.61008,33.08288],[-81.60984,33.08493],[-81.60953,33.08688],[-81.60948,33.08986],[-81.6108,33.09263],[-81.61272,33.09395],[-81.6143,33.09466],[-81.61513,33.09504],[-81.61778,33.09528],[-81.63223,33.09395],[-81.63723,33.09295],[-81.64233,33.09315],[-81.64643,33.09455],[-81.65843,33.10315],[-81.68353,33.11265],[-81.69693,33.11655],[-81.69983,33.11675],[-81.70313,33.11615],[-81.70463,33.11645],[-81.71713,33.12405],[-81.72068,33.12671],[-81.72433,33.12945],[-81.74384,33.14145],[-81.75513,33.15155],[-81.76314,33.15945],[-81.76444,33.16555],[-81.76673,33.17075],[-81.77244,33.18045],[-81.77244,33.18125],[-81.76574,33.18795],[-81.76283,33.18825],[-81.76063,33.18925],[-81.75693,33.19785],[-81.75708,33.19812],[-81.75823,33.20025],[-81.76163,33.20175],[-81.76354,33.20365],[-81.76763,33.21575],[-81.76893,33.21745],[-81.77403,33.22115],[-81.77844,33.22185],[-81.78014,33.22115],[-81.78104,33.21985],[-81.77733,33.21495],[-81.77754,33.21135],[-81.77894,33.20985],[-81.78454,33.20815],[-81.79024,33.20845],[-81.80524,33.21145],[-81.80734,33.21265],[-81.80794,33.21375],[-81.80814,33.21945],[-81.80964,33.22265],[-81.81174,33.22385],[-81.81964,33.22665],[-81.82794,33.22875],[-81.83157,33.23333],[-81.83174,33.23355],[-81.83702,33.23765],[-81.84654,33.24175],[-81.85198,33.24738],[-81.85214,33.24754],[-81.85314,33.25075],[-81.84734,33.26635],[-81.84252,33.26658],[-81.84008,33.26704],[-81.83834,33.2691],[-81.83826,33.27298],[-81.84404,33.27864],[-81.85184,33.28354],[-81.86134,33.28624],[-81.86324,33.28884],[-81.86154,33.29794],[-81.85734,33.29954],[-81.85294,33.29964],[-81.85164,33.29854],[-81.84964,33.29954],[-81.84614,33.30384],[-81.8473,33.30678],[-81.85365,33.31033],[-81.8662,33.31359],[-81.86794,33.31404],[-81.87044,33.31294],[-81.87584,33.30744],[-81.88414,33.31044],[-81.88664,33.31694],[-81.89733,33.32233],[-81.89706,33.32444],[-81.89694,33.32764],[-81.89819,33.32966],[-81.9003,33.33112],[-81.90261,33.33026],[-81.90413,33.32729],[-81.90644,33.32418],[-81.90928,33.32418],[-81.91034,33.32537],[-81.91127,33.32762],[-81.91331,33.32953],[-81.91834,33.33284],[-81.91914,33.33444],[-81.91797,33.34159],[-81.92474,33.34534],[-81.93274,33.34354],[-81.93724,33.34364],[-81.93974,33.34494],[-81.93984,33.34774],[-81.93564,33.35204],[-81.93484,33.35604],[-81.94474,33.36404],[-81.94674,33.36734],[-81.94634,33.37064],[-81.94374,33.37234],[-81.93964,33.37254],[-81.93464,33.36894],[-81.93063,33.36816],[-81.92574,33.37114],[-81.92484,33.37414],[-81.93086,33.38008],[-81.93545,33.39785],[-81.9373,33.40126],[-81.93696,33.4042],[-81.93493,33.40601],[-81.93052,33.4068],[-81.92306,33.40827],[-81.92012,33.41075],[-81.91922,33.41313],[-81.91933,33.41561],[-81.92107,33.41742],[-81.92489,33.41931],[-81.92724,33.42285],[-81.92679,33.42658],[-81.92498,33.42929],[-81.92072,33.43099],[-81.91624,33.43311],[-81.9145,33.4357],[-81.91336,33.43742],[-81.91346,33.43964],[-81.91353,33.44127],[-81.92084,33.45204],[-81.92634,33.46294],[-81.92944,33.46584],[-81.93414,33.46834],[-81.94174,33.47004],[-81.94644,33.47174],[-81.9554,33.47561],[-81.95541,33.47561],[-81.96704,33.48064],[-81.97354,33.48264],[-81.98064,33.48404],[-81.98173,33.48455],[-81.98594,33.48654],[-81.98934,33.49004],[-81.99094,33.49424],[-81.99061,33.49809],[-81.99038,33.50076],[-81.99194,33.50444],[-82.00134,33.52014],[-82.00434,33.52193],[-82.00714,33.52284],[-82.00764,33.52334],[-82.01004,33.53043],[-82.01154,33.53173],[-82.01247,33.53211],[-82.01984,33.53504],[-82.02344,33.53793],[-82.02344,33.54073],[-82.02824,33.54493],[-82.03302,33.54645],[-82.0349,33.54916],[-82.03649,33.55271],[-82.03737,33.55466],[-82.04633,33.56383],[-82.04896,33.56487],[-82.05494,33.56538],[-82.05773,33.56677],[-82.06904,33.57538],[-82.0731,33.57751],[-82.07607,33.57815],[-82.08749,33.58061],[-82.09413,33.58274],[-82.09635,33.58407],[-82.09882,33.58636],[-82.10624,33.59564],[-82.10938,33.59658],[-82.11532,33.5965],[-82.11655,33.59649],[-82.12038,33.59488],[-82.12322,33.59274],[-82.12586,33.59074],[-82.12908,33.58993],[-82.13352,33.59054],[-82.14287,33.59428],[-82.14882,33.59809],[-82.15106,33.60096],[-82.15336,33.60632],[-82.15629,33.60863],[-82.15833,33.60971],[-82.16191,33.61064],[-82.16414,33.61109],[-82.17435,33.61312],[-82.17985,33.61595],[-82.18615,33.62088],[-82.19658,33.63058],[-82.20119,33.6469],[-82.19975,33.65761],[-82.19985,33.66176],[-82.20072,33.66464],[-82.20841,33.66987],[-82.20968,33.67176],[-82.21205,33.67732],[-82.21687,33.6844],[-82.21865,33.6863],[-82.22271,33.68912],[-82.23458,33.70022],[-82.23719,33.70788],[-82.23575,33.71439],[-82.2391,33.73087],[-82.2404,33.7349],[-82.24616,33.74635],[-82.24747,33.75259],[-82.25527,33.75969],[-82.25805,33.76043],[-82.25947,33.76024],[-82.26321,33.76196],[-82.26438,33.76348],[-82.26502,33.76574],[-82.26613,33.76675],[-82.26772,33.76765],[-82.27044,33.76791],[-82.27768,33.77203],[-82.28106,33.77606],[-82.2858,33.78006],[-82.28976,33.78203],[-82.29247,33.78241],[-82.29498,33.78187],[-82.29829,33.78352],[-82.29939,33.78504],[-82.2996,33.78648],[-82.29892,33.79584],[-82.29928,33.79894],[-82.30021,33.80063],[-82.30289,33.80291],[-82.309,33.80589],[-82.31334,33.8092],[-82.31475,33.8115],[-82.31633,33.81289],[-82.32448,33.82003],[-82.33783,33.82716],[-82.34693,33.8343],[-82.35188,33.83643],[-82.35633,33.83797],[-82.35819,33.83861],[-82.36911,33.84237],[-82.37177,33.84381],[-82.37429,33.84559],[-82.37975,33.85109],[-82.38497,33.85443],[-82.39053,33.85716],[-82.39574,33.85909],[-82.40052,33.86334],[-82.40388,33.86548],[-82.40835,33.86632],[-82.41426,33.86535],[-82.41787,33.86423],[-82.4228,33.86375],[-82.42916,33.86584],[-82.43115,33.86705],[-82.43864,33.87392],[-82.4405,33.87512],[-82.44811,33.87754],[-82.45511,33.88165],[-82.45939,33.88639],[-82.46991,33.89284],[-82.48011,33.9019],[-82.49293,33.90975],[-82.49611,33.91346],[-82.50358,33.92605],[-82.50764,33.93146],[-82.51295,33.93697],[-82.52451,33.94336],[-82.52674,33.94376],[-82.53411,33.94365],[-82.53977,33.94155],[-82.54313,33.94095],[-82.5545,33.94382],[-82.55684,33.94535],[-82.56453,33.95574],[-82.56458,33.95581],[-82.5657,33.95868],[-82.56615,33.9639],[-82.56829,33.96877],[-82.56986,33.97068],[-82.57472,33.97411],[-82.57754,33.97703],[-82.57958,33.97976],[-82.58055,33.98246],[-82.58057,33.98514],[-82.58,33.98701],[-82.57824,33.98867],[-82.57633,33.98969],[-82.57535,33.9909],[-82.57554,33.99205],[-82.57622,33.99311],[-82.57774,33.99374],[-82.58339,33.99529],[-82.58623,33.99715],[-82.58925,34.00012],[-82.59185,34.00902],[-82.59449,34.01394],[-82.59565,34.01612],[-82.59586,34.01852],[-82.59405,34.02592],[-82.59455,34.02872],[-82.59615,34.03052],[-82.60305,34.03482],[-82.60966,34.03992],[-82.61335,34.04682],[-82.61916,34.05132],[-82.62095,34.05442],[-82.62126,34.05692],[-82.62216,34.05852],[-82.62696,34.06346],[-82.63097,34.06553],[-82.63357,34.06482],[-82.63599,34.06494],[-82.64054,34.06759],[-82.64398,34.07224],[-82.64566,34.07605],[-82.64554,34.07684],[-82.64522,34.07905],[-82.6428,34.08131],[-82.64034,34.0863],[-82.64015,34.08761],[-82.6407,34.08834],[-82.64125,34.08891],[-82.64103,34.09086],[-82.64155,34.09221],[-82.64703,34.09783],[-82.64818,34.09865],[-82.65217,34.0997],[-82.65402,34.10035],[-82.65856,34.10312],[-82.65908,34.10354],[-82.66032,34.1069],[-82.66185,34.10775],[-82.66688,34.11359],[-82.66811,34.12016],[-82.67522,34.12978],[-82.67732,34.13166],[-82.68629,34.13445],[-82.69039,34.13829],[-82.69215,34.13899],[-82.69553,34.13882],[-82.69976,34.13932],[-82.70414,34.14101],[-82.71537,34.14816],[-82.71751,34.1505],[-82.72115,34.16017],[-82.72331,34.16589],[-82.72541,34.16977],[-82.73082,34.17591],[-82.73188,34.17836],[-82.73236,34.18056],[-82.73198,34.19315],[-82.73276,34.19534],[-82.74192,34.21006],[-82.74212,34.21171],[-82.74238,34.21377],[-82.74054,34.21839],[-82.74045,34.21968],[-82.74442,34.22491],[-82.74346,34.22734],[-82.74198,34.2302],[-82.74483,34.24296],[-82.74498,34.24486],[-82.74406,34.25241],[-82.74876,34.26341],[-82.74866,34.26411],[-82.74666,34.26641],[-82.74986,34.27087],[-82.75503,34.27607],[-82.76199,34.28149],[-82.76295,34.28199],[-82.76527,34.28154],[-82.77093,34.2854],[-82.7737,34.28874],[-82.78031,34.2967],[-82.78175,34.3029],[-82.78684,34.31038],[-82.79097,34.32355],[-82.79119,34.32487],[-82.79161,34.32743],[-82.79124,34.33105],[-82.79405,34.33977],[-82.79522,34.34096],[-82.7982,34.34132],[-82.80995,34.35],[-82.82342,34.35887],[-82.83328,34.36402],[-82.8337,34.36424],[-82.835,34.36607],[-82.83517,34.36733],[-82.83541,34.36918],[-82.8352,34.3739],[-82.83661,34.38268],[-82.84152,34.39013],[-82.842,34.3925],[-82.84133,34.39733],[-82.84186,34.39929],[-82.842,34.39977],[-82.84745,34.41205],[-82.84778,34.42057],[-82.8485,34.42326],[-82.84865,34.42384],[-82.85137,34.42681],[-82.85443,34.43227],[-82.85551,34.44179],[-82.85576,34.44398],[-82.86013,34.44971],[-82.86087,34.45147],[-82.86071,34.45743],[-82.86216,34.45875],[-82.86535,34.46032],[-82.87546,34.4635],[-82.87646,34.4658],[-82.87586,34.468],[-82.87486,34.46889],[-82.87383,34.47151],[-82.87686,34.4753],[-82.88286,34.479],[-82.90266,34.4859],[-82.90837,34.4854],[-82.92287,34.4814],[-82.92577,34.4818],[-82.92847,34.4842],[-82.94087,34.4861],[-82.94737,34.4796],[-82.95467,34.4773],[-82.96067,34.482],[-82.97957,34.4827],[-82.99222,34.4792],[-82.99267,34.47907],[-82.99528,34.47565],[-82.99509,34.47248],[-82.99905,34.47231],[-83.00292,34.47213],[-83.02858,34.48381],[-83.02931,34.48415],[-83.03251,34.48303],[-83.03471,34.48349],[-83.04377,34.48882],[-83.04829,34.49325],[-83.04947,34.49509],[-83.05446,34.50289],[-83.05784,34.50371],[-83.06552,34.50113],[-83.06945,34.50213],[-83.08719,34.51594],[-83.08686,34.5178],[-83.078,34.52375],[-83.07811,34.52484],[-83.08486,34.53097],[-83.08779,34.53208],[-83.09256,34.53294],[-83.09686,34.53152],[-83.10218,34.53218],[-83.10318,34.53341],[-83.10356,34.53663],[-83.10399,34.54017],[-83.1229,34.56013],[-83.12718,34.562],[-83.12968,34.5617],[-83.13818,34.56695],[-83.13988,34.568],[-83.15258,34.5783],[-83.15458,34.5882],[-83.16828,34.591],[-83.17028,34.5924],[-83.17098,34.5988],[-83.16999,34.60201],[-83.16957,34.60387],[-83.16999,34.60544],[-83.17309,34.60699],[-83.17343,34.60716],[-83.17944,34.60802],[-83.18889,34.60693],[-83.19698,34.606],[-83.19978,34.6084],[-83.2116,34.61091],[-83.2214,34.60995],[-83.22713,34.61069],[-83.23178,34.6113],[-83.23886,34.61538],[-83.24338,34.618],[-83.24068,34.62431],[-83.24067,34.62451],[-83.24458,34.6263],[-83.24828,34.6317],[-83.25528,34.6377],[-83.26228,34.6403],[-83.27198,34.6419],[-83.27796,34.64485],[-83.28029,34.64648],[-83.28658,34.6509],[-83.29288,34.6542],[-83.30085,34.66247],[-83.30148,34.66658],[-83.30464,34.66956],[-83.30892,34.67027],[-83.31439,34.66894],[-83.3164,34.66932],[-83.31852,34.67477],[-83.31944,34.67597],[-83.32146,34.67754],[-83.32534,34.67952],[-83.33028,34.68134],[-83.33621,34.68053],[-83.33869,34.682],[-83.33903,34.68381],[-83.33933,34.68667],[-83.33937,34.68697],[-83.34038,34.689],[-83.34241,34.69125],[-83.34467,34.69351],[-83.34783,34.69611],[-83.34941,34.69758],[-83.34998,34.69915],[-83.34964,34.70096],[-83.34783,34.70367],[-83.34772,34.70547],[-83.34979,34.70827],[-83.35098,34.71324],[-83.35139,34.71446],[-83.35249,34.71599],[-83.35249,34.71612],[-83.35324,34.72865],[-83.34883,34.73719],[-83.33867,34.74229],[-83.32006,34.75962],[-83.32101,34.76537],[-83.31995,34.77372],[-83.32383,34.78956],[-83.32387,34.78971],[-83.31378,34.79991],[-83.30364,34.8024],[-83.30118,34.80401],[-83.30148,34.80868],[-83.30297,34.81107],[-83.30297,34.81221],[-83.3024,34.81324],[-83.30137,34.81415],[-83.29943,34.81427],[-83.29726,34.81427],[-83.29429,34.81473],[-83.29133,34.81883],[-83.29112,34.82251],[-83.28991,34.82448],[-83.28481,34.82304],[-83.28315,34.82133],[-83.27566,34.81686],[-83.27121,34.81844],[-83.26816,34.82139],[-83.26729,34.83275],[-83.26998,34.8372],[-83.26766,34.84529],[-83.26452,34.8464],[-83.26219,34.8464],[-83.25986,34.84563],[-83.25815,34.84499],[-83.25572,34.84559],[-83.2546,34.8464],[-83.25376,34.84806],[-83.25258,34.85348],[-83.25005,34.85601],[-83.24722,34.85844],[-83.24702,34.86309],[-83.2456,34.86552],[-83.24085,34.86674],[-83.23842,34.86977],[-83.23856,34.87287],[-83.23908,34.87566],[-83.23751,34.87706],[-83.23238,34.87805],[-83.22924,34.87991],[-83.2201,34.87812],[-83.21332,34.8828],[-83.20968,34.88028],[-83.20563,34.88014],[-83.20118,34.88465],[-83.20457,34.89028],[-83.20335,34.89372],[-83.19763,34.89505],[-83.19479,34.89784],[-83.19041,34.89794],[-83.18654,34.89953],[-83.18087,34.90471],[-83.17893,34.90825],[-83.17403,34.91091],[-83.17075,34.91423],[-83.16852,34.91788],[-83.16502,34.91885],[-83.16094,34.91827],[-83.15802,34.92012],[-83.15588,34.9243],[-83.15325,34.92634],[-83.14995,34.92722],[-83.14326,34.92476],[-83.14062,34.92491],[-83.13055,34.93093],[-83.12989,34.93235],[-83.13036,34.93517],[-83.12949,34.9374],[-83.12807,34.93811],[-83.12517,34.93705],[-83.12259,34.93806],[-83.12111,34.93913],[-83.1205,34.94126],[-83.12121,34.94268],[-83.12294,34.94451],[-83.12676,34.94874],[-83.12704,34.95378],[-83.12438,34.95524],[-83.12114,34.95897],[-83.1218,34.96362],[-83.12039,34.96841],[-83.11202,34.9759],[-83.11002,34.98063],[-83.10699,34.98272],[-83.10449,34.98933],[-83.1046,34.99278],[-83.10553,34.99634],[-83.10861,35.00066],[-83.19041,34.99946],[-83.29686,34.99658],[-83.32277,34.99587],[-83.33711,34.99566],[-83.38179,34.99499],[-83.38183,34.99499],[-83.48295,34.99348],[-83.48295,34.99348],[-83.54938,34.99249],[-83.62019,34.99209],[-83.61998,34.98659],[-83.74989,34.98769],[-83.79086,34.98749],[-83.79089,34.98749],[-83.80014,34.98744],[-83.8311,34.98729],[-83.92242,34.98746],[-83.93643,34.98748],[-83.93665,34.98748],[-83.96327,34.98747],[-84.00526,34.98744],[-84.02136,34.98743],[-84.02995,34.98732],[-84.09115,34.98743],[-84.09673,34.98744],[-84.12945,34.9875],[-84.12955,34.9875],[-84.1812,34.98775],[-84.26141,34.98812],[-84.32187,34.98841],[-84.38289,34.98812],[-84.39393,34.98807],[-84.3949,34.98803],[-84.50905,34.98803],[-84.50989,34.98801],[-84.56824,34.98818],[-84.62148,34.98833],[-84.62493,34.98798],[-84.72743,34.98802],[-84.73102,34.98809],[-84.77585,34.9878],[-84.80813,34.98759],[-84.80918,34.98757],[-84.81048,34.98761],[-84.81074,34.98761],[-84.81728,34.98775],[-84.82048,34.98791],[-84.82401,34.98771],[-84.8318,34.988],[-84.85803,34.98775],[-84.86131,34.98779],[-84.88653,34.98783],[-84.93078,34.9879],[-84.93931,34.98792],[-84.9439,34.98787],[-84.94442,34.98786],[-84.95562,34.98783],[-84.97697,34.98767],[-84.97986,34.98765],[-85.04505,34.98686],[-85.04518,34.98688],[-85.06484,34.98677],[-85.08361,34.98665],[-85.09609,34.98658],[-85.1267,34.9864],[-85.14389,34.98629],[-85.17525,34.98611],[-85.18055,34.98607],[-85.18591,34.986],[-85.1957,34.98589],[-85.20136,34.98583],[-85.21654,34.98568],[-85.21655,34.98568],[-85.21785,34.98568],[-85.22055,34.98557],[-85.22185,34.98548],[-85.23035,34.98548],[-85.23041,34.98548],[-85.23556,34.98548],[-85.24218,34.98537],[-85.25495,34.98517],[-85.26506,34.98508],[-85.27302,34.985],[-85.27586,34.98497],[-85.27756,34.98497],[-85.28691,34.9848],[-85.2945,34.98465],[-85.29465,34.98465],[-85.30149,34.98448],[-85.30546,34.98448],[-85.30546,34.98447],[-85.30826,34.98438],[-85.32742,34.98403],[-85.34247,34.98376],[-85.34537,34.98371],[-85.36392,34.98338],[-85.36476,34.98336],[-85.36524,34.98335],[-85.38497,34.98299],[-85.46671,34.98297],[-85.47411,34.98306],[-85.5142,34.98356],[-85.60516,34.98468]]]]}},{"type":"Feature","id":"Mississippi","properties":{"name":"Mississippi"},"geometry":{"type":"MultiPolygon","coordinates":[[[[-88.51067,30.21702],[-88.50962,30.2111],[-88.50864,30.2056],[-88.49441,30.19682],[-88.45375,30.18935],[-88.42936,30.19286],[-88.42643,30.19444],[-88.40458,30.20616],[-88.40852,30.21878],[-88.42834,30.21483],[-88.44308,30.20824],[-88.45324,30.20648],[-88.46544,30.20824],[-88.49238,30.21922],[-88.51067,30.21702]]],[[[-88.77199,30.24552],[-88.76835,30.23678],[-88.75717,30.23327],[-88.74142,30.23327],[-88.71499,30.23766],[-88.71287,30.23695],[-88.67179,30.22317],[-88.64434,30.22054],[-88.61131,30.21702],[-88.60852,30.21727],[-88.58742,30.21915],[-88.60876,30.23195],[-88.65603,30.23942],[-88.68856,30.24995],[-88.71499,30.25698],[-88.73684,30.25303],[-88.77199,30.24552]]],[[[-88.98863,30.21629],[-88.99338,30.20808],[-88.9708,30.20089],[-88.94829,30.20575],[-88.94703,30.20602],[-88.89356,30.22451],[-88.87692,30.2358],[-88.87217,30.24504],[-88.88167,30.24915],[-88.89712,30.24094],[-88.93634,30.22143],[-88.95773,30.2204],[-88.98863,30.21629]]],[[[-89.15976,30.23888],[-89.17045,30.22862],[-89.12767,30.21937],[-89.10866,30.20602],[-89.10621,30.20651],[-89.08838,30.21009],[-89.07419,30.21219],[-89.06231,30.22964],[-89.05637,30.24915],[-89.07063,30.25839],[-89.08489,30.23786],[-89.08995,30.23793],[-89.15976,30.23888]]],[[[-91.65501,31.25182],[-91.65491,31.25017],[-91.65202,31.24269],[-91.64436,31.23441],[-91.62512,31.22607],[-91.60162,31.20857],[-91.59503,31.20197],[-91.59005,31.19369],[-91.58945,31.19114],[-91.58894,31.18896],[-91.5887,31.18103],[-91.58905,31.17859],[-91.5915,31.17312],[-91.59706,31.16349],[-91.59973,31.15959],[-91.6042,31.15454],[-91.62167,31.13687],[-91.62422,31.13373],[-91.62512,31.13188],[-91.62571,31.12876],[-91.62648,31.11913],[-91.62599,31.1169],[-91.62153,31.11026],[-91.61857,31.10733],[-91.61476,31.10436],[-91.60952,31.10156],[-91.59469,31.09144],[-91.56765,31.07019],[-91.56415,31.06683],[-91.56128,31.06091],[-91.55991,31.05412],[-91.56037,31.04951],[-91.56123,31.04622],[-91.5644,31.03897],[-91.5717,31.02978],[-91.57841,31.02403],[-91.59046,31.01727],[-91.60649,31.01122],[-91.62512,31.00537],[-91.63694,30.99942],[-91.62512,30.99917],[-91.53873,30.99939],[-91.53866,30.99939],[-91.50012,30.99869],[-91.49739,30.99901],[-91.42575,30.99901],[-91.42362,30.99898],[-91.39652,30.99906],[-91.34782,30.99919],[-91.24649,30.99947],[-91.23153,30.99927],[-91.22484,30.99918],[-91.22407,30.99918],[-91.17621,30.99914],[-91.17614,30.99914],[-91.10829,30.99888],[-91.10811,30.99886],[-91.08081,30.99891],[-91.06827,30.99892],[-91.06021,30.99895],[-90.89473,30.99963],[-90.83494,30.9994],[-90.82603,30.99936],[-90.82583,30.99936],[-90.78374,30.99945],[-90.77986,30.99946],[-90.77598,30.99949],[-90.76933,30.99937],[-90.75877,30.99958],[-90.73455,30.99922],[-90.73447,30.99921],[-90.65119,30.99951],[-90.64872,30.99949],[-90.58868,30.99965],[-90.58737,30.9996],[-90.58445,30.9997],[-90.58352,30.9997],[-90.56719,30.99973],[-90.54762,30.99972],[-90.48675,30.99969],[-90.48588,30.99974],[-90.47728,30.99972],[-90.47593,30.99974],[-90.47409,30.9998],[-90.45698,30.99976],[-90.44248,30.99972],[-90.44173,30.99973],[-90.43735,30.99973],[-90.42685,30.99978],[-90.42212,30.99981],[-90.38054,30.99987],[-90.36937,31.00033],[-90.3473,31.00036],[-90.34723,31.00036],[-90.34601,31.00036],[-90.25955,31.00066],[-90.19439,31.00088],[-90.16468,31.00098],[-90.16428,31.00102],[-90.14843,31.00098],[-90.13139,31.00092],[-90.12841,31.00105],[-90.07313,31.00117],[-90.07312,31.00117],[-90.05071,31.00121],[-90.02957,31.00119],[-90.02218,31.0013],[-90.00533,31.00136],[-89.97543,31.00169],[-89.9728,31.00139],[-89.94101,31.00142],[-89.92716,31.00144],[-89.92312,31.00145],[-89.89752,31.00191],[-89.89271,31.00176],[-89.85686,31.00208],[-89.83591,31.00206],[-89.83554,31.00206],[-89.82462,31.00206],[-89.81643,31.00208],[-89.79978,31.00202],[-89.75264,31.00185],[-89.75213,31.00018],[-89.75148,30.99969],[-89.74919,30.99956],[-89.74723,31.00018],[-89.74522,31.00225],[-89.74182,31.00344],[-89.7325,31.00483],[-89.72962,31.00393],[-89.72815,31.00243],[-89.72815,31.0023],[-89.72813,31.00096],[-89.73,30.99975],[-89.73554,30.99971],[-89.73423,30.9956],[-89.73203,30.99441],[-89.72856,30.9944],[-89.7277,30.99333],[-89.72993,30.98209],[-89.7305,30.97971],[-89.73217,30.97809],[-89.73591,30.97787],[-89.73688,30.97712],[-89.73715,30.97608],[-89.73609,30.97445],[-89.72838,30.97114],[-89.72709,30.96971],[-89.72707,30.96739],[-89.72804,30.96652],[-89.72933,30.96624],[-89.73139,30.96613],[-89.73393,30.96692],[-89.73569,30.96657],[-89.74313,30.95999],[-89.74359,30.95848],[-89.7512,30.95144],[-89.75633,30.9435],[-89.75655,30.94195],[-89.75584,30.93954],[-89.75007,30.93576],[-89.7489,30.93389],[-89.74885,30.93282],[-89.75007,30.92982],[-89.74821,30.92337],[-89.74516,30.92242],[-89.74445,30.92058],[-89.74479,30.91893],[-89.74672,30.9158],[-89.75007,30.91293],[-89.75409,30.9128],[-89.75742,30.91499],[-89.7594,30.91513],[-89.7626,30.91374],[-89.7642,30.91191],[-89.76445,30.91028],[-89.76362,30.90773],[-89.76159,30.90659],[-89.7598,30.90622],[-89.75667,30.90107],[-89.75702,30.89895],[-89.75872,30.89732],[-89.7607,30.89631],[-89.7651,30.89692],[-89.77027,30.89939],[-89.77199,30.89913],[-89.7731,30.89834],[-89.77355,30.89686],[-89.77201,30.89024],[-89.77003,30.88225],[-89.77546,30.8815],[-89.77711,30.88109],[-89.77858,30.8789],[-89.77919,30.87518],[-89.778,30.87341],[-89.76824,30.86639],[-89.76779,30.86558],[-89.76796,30.86386],[-89.77172,30.85468],[-89.77259,30.85366],[-89.77474,30.85325],[-89.77876,30.8558],[-89.78164,30.85661],[-89.78338,30.85602],[-89.78407,30.85527],[-89.78442,30.85374],[-89.78379,30.85213],[-89.78095,30.84854],[-89.78023,30.84624],[-89.7806,30.84551],[-89.78265,30.84526],[-89.7875,30.84411],[-89.79012,30.83798],[-89.79081,30.83213],[-89.79043,30.83098],[-89.78943,30.83047],[-89.78684,30.83064],[-89.78399,30.82738],[-89.78117,30.82012],[-89.7824,30.81798],[-89.78589,30.81596],[-89.79175,30.82039],[-89.79663,30.82165],[-89.79749,30.82148],[-89.79865,30.82086],[-89.80005,30.81908],[-89.79967,30.81517],[-89.80042,30.81042],[-89.80406,30.80325],[-89.80463,30.80251],[-89.80818,30.80056],[-89.81014,30.79985],[-89.81065,30.79939],[-89.81117,30.79892],[-89.81148,30.798],[-89.81086,30.79738],[-89.8086,30.79491],[-89.80707,30.79391],[-89.80624,30.79337],[-89.8049,30.79255],[-89.8047,30.79162],[-89.80511,30.7906],[-89.80676,30.78907],[-89.81066,30.78803],[-89.8121,30.78844],[-89.81261,30.78988],[-89.81354,30.79203],[-89.81395,30.79378],[-89.81642,30.79605],[-89.81756,30.79605],[-89.81916,30.79523],[-89.82108,30.79252],[-89.82128,30.79188],[-89.82149,30.79118],[-89.82113,30.78861],[-89.82439,30.77963],[-89.83154,30.76761],[-89.82939,30.76219],[-89.82789,30.75842],[-89.82577,30.74731],[-89.82605,30.74232],[-89.82349,30.74099],[-89.81955,30.74067],[-89.81676,30.74008],[-89.81607,30.73937],[-89.8165,30.73795],[-89.81748,30.7373],[-89.82153,30.73662],[-89.82618,30.73659],[-89.83382,30.73697],[-89.83544,30.73626],[-89.83687,30.73466],[-89.83695,30.7282],[-89.83633,30.7272],[-89.83307,30.72676],[-89.82806,30.72502],[-89.83006,30.71631],[-89.83196,30.71538],[-89.83626,30.71618],[-89.8458,30.70731],[-89.84658,30.70621],[-89.84593,30.70416],[-89.8436,30.70251],[-89.84173,30.70271],[-89.83931,30.70414],[-89.83807,30.70404],[-89.83585,30.69956],[-89.83548,30.69117],[-89.8368,30.69057],[-89.84497,30.67469],[-89.8472,30.67004],[-89.84861,30.66597],[-89.84888,30.6652],[-89.85055,30.66478],[-89.85226,30.66293],[-89.85189,30.6612],[-89.84099,30.65852],[-89.83605,30.6573],[-89.83326,30.65752],[-89.82499,30.64942],[-89.82187,30.64402],[-89.81808,30.63402],[-89.82236,30.62476],[-89.82326,30.6228],[-89.82142,30.61981],[-89.82087,30.61825],[-89.82239,30.61446],[-89.82328,30.60823],[-89.82129,30.60713],[-89.81691,30.60862],[-89.81538,30.60857],[-89.81392,30.60772],[-89.81456,30.60615],[-89.8172,30.60089],[-89.8197,30.59679],[-89.81984,30.59534],[-89.81853,30.59269],[-89.8164,30.59165],[-89.81211,30.59147],[-89.80712,30.58734],[-89.80776,30.58582],[-89.80974,30.58471],[-89.80684,30.57204],[-89.80818,30.5688],[-89.80803,30.568],[-89.80618,30.56754],[-89.80375,30.56815],[-89.79995,30.56935],[-89.79449,30.56965],[-89.79032,30.56752],[-89.78969,30.56658],[-89.79008,30.56533],[-89.79243,30.56309],[-89.7967,30.56172],[-89.80028,30.56369],[-89.80149,30.5637],[-89.80283,30.56288],[-89.80389,30.56058],[-89.80383,30.55889],[-89.80279,30.5579],[-89.79453,30.55655],[-89.79166,30.55152],[-89.79196,30.54879],[-89.79399,30.54828],[-89.79523,30.54813],[-89.79539,30.54745],[-89.79533,30.54656],[-89.79382,30.54594],[-89.79105,30.54505],[-89.78854,30.54446],[-89.78399,30.54407],[-89.78025,30.54461],[-89.77957,30.54434],[-89.77536,30.53885],[-89.77164,30.53025],[-89.77074,30.52782],[-89.77,30.5219],[-89.76813,30.51502],[-89.76057,30.51576],[-89.75886,30.51306],[-89.75857,30.50594],[-89.75813,30.5054],[-89.75293,30.50249],[-89.74644,30.50262],[-89.74282,30.4987],[-89.7424,30.49732],[-89.73462,30.49472],[-89.72615,30.49256],[-89.72461,30.4919],[-89.72144,30.48885],[-89.72118,30.48861],[-89.71965,30.48317],[-89.71589,30.4778],[-89.71249,30.47751],[-89.71016,30.47831],[-89.70955,30.47785],[-89.70554,30.47235],[-89.7018,30.46512],[-89.69586,30.46327],[-89.6901,30.45966],[-89.68978,30.45928],[-89.68341,30.45179],[-89.68283,30.44581],[-89.68482,30.43951],[-89.68352,30.43496],[-89.68195,30.43407],[-89.68051,30.42892],[-89.67851,30.41401],[-89.68013,30.4114],[-89.68116,30.41149],[-89.68232,30.41299],[-89.68412,30.41265],[-89.68369,30.40587],[-89.68154,30.40309],[-89.67915,30.39999],[-89.67276,30.38928],[-89.67013,30.38243],[-89.6622,30.37127],[-89.66027,30.36349],[-89.65719,30.35652],[-89.65269,30.35554],[-89.6467,30.3525],[-89.64562,30.35131],[-89.6452,30.34813],[-89.6363,30.34397],[-89.62973,30.33929],[-89.6304,30.33293],[-89.62988,30.32102],[-89.62661,30.31546],[-89.62622,30.31425],[-89.63164,30.30933],[-89.63421,30.30826],[-89.63987,30.30728],[-89.6404,30.30675],[-89.64171,30.3038],[-89.64175,30.30338],[-89.64176,30.30331],[-89.64344,30.28768],[-89.63765,30.28503],[-89.63141,30.27966],[-89.63052,30.27656],[-89.62976,30.2672],[-89.63065,30.26208],[-89.63121,30.2617],[-89.63223,30.26014],[-89.63179,30.25692],[-89.62692,30.25174],[-89.62386,30.24989],[-89.61616,30.2474],[-89.61416,30.2446],[-89.61406,30.2415],[-89.61586,30.2353],[-89.61706,30.2275],[-89.61696,30.22559],[-89.61586,30.2232],[-89.61256,30.2195],[-89.61065,30.2181],[-89.60765,30.2171],[-89.60125,30.2161],[-89.59665,30.2118],[-89.58885,30.2003],[-89.58735,30.1952],[-89.58575,30.1921],[-89.58075,30.1862],[-89.57445,30.1817],[-89.57015,30.1803],[-89.56225,30.1824],[-89.55465,30.1858],[-89.55085,30.1892],[-89.54905,30.1916],[-89.54695,30.1931],[-89.54145,30.1954],[-89.53865,30.1958],[-89.53335,30.1948],[-89.53045,30.1922],[-89.52795,30.1887],[-89.5245,30.18075],[-89.52281,30.18308],[-89.50323,30.18305],[-89.4901,30.18768],[-89.48021,30.19375],[-89.47582,30.19156],[-89.46979,30.17628],[-89.46359,30.17394],[-89.46128,30.17475],[-89.44791,30.18535],[-89.44746,30.2051],[-89.43043,30.22322],[-89.42481,30.23824],[-89.42449,30.23909],[-89.42462,30.24539],[-89.41935,30.25432],[-89.38771,30.2663],[-89.38375,30.2678],[-89.37955,30.2704],[-89.36575,30.2849],[-89.35855,30.2889],[-89.34475,30.2932],[-89.34378,30.29383],[-89.32995,30.3029],[-89.32588,30.3095],[-89.32255,30.3149],[-89.32234,30.3193],[-89.32242,30.31944],[-89.33255,30.33789],[-89.33885,30.34299],[-89.34593,30.34357],[-89.36612,30.35217],[-89.36604,30.35234],[-89.36385,30.3574],[-89.35325,30.36879],[-89.34945,30.371],[-89.34095,30.3729],[-89.33594,30.37402],[-89.31507,30.37541],[-89.2925,30.36564],[-89.27982,30.34979],[-89.28062,30.34158],[-89.28156,30.33198],[-89.28784,30.3332],[-89.29184,30.3281],[-89.29426,30.30904],[-89.29444,30.3076],[-89.29144,30.3033],[-89.28574,30.3031],[-89.27183,30.30549],[-89.22044,30.3225],[-89.18684,30.3312],[-89.14944,30.34452],[-89.12422,30.3535],[-89.10142,30.36162],[-89.08324,30.3681],[-89.01633,30.3839],[-89.00102,30.38624],[-88.97123,30.3908],[-88.9343,30.39305],[-88.92203,30.3938],[-88.89393,30.3934],[-88.89212,30.39312],[-88.88483,30.392],[-88.88379,30.38917],[-88.88053,30.3866],[-88.81876,30.36059],[-88.81431,30.37574],[-88.81333,30.37906],[-88.81162,30.38491],[-88.78875,30.37372],[-88.77174,30.3654],[-88.74886,30.34899],[-88.74694,30.34762],[-88.72889,30.34267],[-88.71822,30.34305],[-88.70059,30.34369],[-88.66466,30.36168],[-88.66382,30.3621],[-88.64538,30.36051],[-88.6377,30.35985],[-88.63053,30.35814],[-88.61301,30.35396],[-88.60001,30.35657],[-88.58193,30.33106],[-88.56777,30.32956],[-88.54327,30.34023],[-88.53621,30.3433],[-88.52249,30.34009],[-88.51355,30.33307],[-88.50633,30.3274],[-88.50623,30.32239],[-88.5048,30.32147],[-88.48012,30.31835],[-88.47187,30.32002],[-88.45381,30.32963],[-88.44662,30.33767],[-88.44649,30.34775],[-88.43389,30.35465],[-88.41881,30.35391],[-88.40993,30.34211],[-88.40118,30.34438],[-88.39398,30.34931],[-88.39415,30.35249],[-88.39708,30.35478],[-88.39906,30.36074],[-88.39724,30.36769],[-88.39502,30.36942],[-88.4004,30.47422],[-88.4004,30.47424],[-88.40197,30.50467],[-88.40228,30.51085],[-88.40355,30.5331],[-88.40393,30.54336],[-88.40401,30.54506],[-88.40601,30.58976],[-88.40748,30.62274],[-88.40746,30.63165],[-88.40806,30.63692],[-88.40807,30.63697],[-88.40957,30.66873],[-88.41134,30.70633],[-88.41155,30.71296],[-88.41221,30.7304],[-88.41227,30.73177],[-88.41245,30.7356],[-88.41481,30.78561],[-88.41825,30.85856],[-88.41848,30.86328],[-88.41863,30.86653],[-88.41956,30.87519],[-88.42564,30.9983],[-88.42573,31.00018],[-88.42581,31.00112],[-88.43201,31.1143],[-88.43351,31.14279],[-88.4381,31.23006],[-88.43821,31.23125],[-88.43898,31.2469],[-88.43878,31.25265],[-88.44518,31.35585],[-88.44521,31.35597],[-88.44869,31.42089],[-88.44866,31.42128],[-88.44957,31.43583],[-88.44957,31.43583],[-88.45104,31.45945],[-88.45158,31.48153],[-88.45301,31.50016],[-88.45329,31.50538],[-88.45633,31.56251],[-88.45948,31.62165],[-88.45972,31.624],[-88.46385,31.68889],[-88.46443,31.69788],[-88.46443,31.69795],[-88.46511,31.72231],[-88.46867,31.79072],[-88.46983,31.8193],[-88.47111,31.85095],[-88.47121,31.85139],[-88.47264,31.87515],[-88.47323,31.89386],[-88.46888,31.93026],[-88.46866,31.93317],[-88.45504,32.03972],[-88.45496,32.04058],[-88.44188,32.14643],[-88.43871,32.17208],[-88.43865,32.17281],[-88.43384,32.20869],[-88.43129,32.22765],[-88.42828,32.25014],[-88.42794,32.25303],[-88.42145,32.30868],[-88.41382,32.37392],[-88.4125,32.38003],[-88.40392,32.44875],[-88.40391,32.44878],[-88.40379,32.44977],[-88.40379,32.44989],[-88.40331,32.4543],[-88.39997,32.48542],[-88.38886,32.57812],[-88.38618,32.6005],[-88.38304,32.62668],[-88.38299,32.62695],[-88.37334,32.71182],[-88.36906,32.74258],[-88.36835,32.74766],[-88.35429,32.87513],[-88.34785,32.92908],[-88.34043,32.9912],[-88.33093,33.07312],[-88.31713,33.18412],[-88.31524,33.20332],[-88.31253,33.22092],[-88.30442,33.28832],[-88.30274,33.30221],[-88.3005,33.32084],[-88.3005,33.32085],[-88.2971,33.34909],[-88.28595,33.44164],[-88.2801,33.49016],[-88.27742,33.51244],[-88.2768,33.51646],[-88.27462,33.53401],[-88.27005,33.57082],[-88.26953,33.57289],[-88.26908,33.57693],[-88.26816,33.58504],[-88.26715,33.59199],[-88.267,33.59423],[-88.26588,33.60347],[-88.26383,33.62034],[-88.26237,33.6324],[-88.26237,33.6324],[-88.25634,33.68205],[-88.25613,33.68286],[-88.25462,33.69578],[-88.25445,33.69878],[-88.25226,33.71957],[-88.24894,33.74498],[-88.24414,33.78167],[-88.24303,33.79568],[-88.24161,33.80292],[-88.2416,33.80297],[-88.24005,33.81088],[-88.23549,33.8472],[-88.22652,33.91155],[-88.22652,33.91166],[-88.22643,33.91287],[-88.22214,33.9447],[-88.21074,34.0292],[-88.20723,34.05833],[-88.20601,34.06836],[-88.20378,34.08655],[-88.2002,34.11595],[-88.19213,34.17535],[-88.19068,34.19012],[-88.18762,34.20478],[-88.18667,34.22095],[-88.17689,34.29386],[-88.17587,34.30217],[-88.17363,34.32105],[-88.16591,34.38093],[-88.16567,34.38279],[-88.16563,34.3831],[-88.15943,34.43631],[-88.15867,34.44286],[-88.15629,34.46321],[-88.13999,34.5817],[-88.13925,34.58779],[-88.13872,34.58922],[-88.13426,34.62266],[-88.13081,34.64481],[-88.12081,34.70889],[-88.11841,34.72429],[-88.11642,34.7463],[-88.10756,34.81163],[-88.10483,34.83439],[-88.09789,34.8922],[-88.1,34.8941],[-88.12504,34.90223],[-88.13669,34.90759],[-88.13972,34.90963],[-88.14633,34.91437],[-88.15462,34.92239],[-88.16014,34.93114],[-88.16159,34.93346],[-88.1721,34.95521],[-88.17611,34.96252],[-88.17997,34.96747],[-88.18743,34.97491],[-88.19881,34.99119],[-88.20006,34.99563],[-88.25383,34.99555],[-88.25811,34.99546],[-88.36353,34.99559],[-88.38051,34.99561],[-88.4698,34.99605],[-88.46988,34.99603],[-88.47883,34.99601],[-88.51421,34.99592],[-88.5285,34.99589],[-88.60587,34.9957],[-88.78661,34.99525],[-88.82305,34.99516],[-88.85104,34.99509],[-88.88698,34.99587],[-88.92524,34.99484],[-88.99368,34.99492],[-89.01713,34.99495],[-89.02654,34.99496],[-89.139,34.99433],[-89.13914,34.99431],[-89.15683,34.99393],[-89.19829,34.99448],[-89.21743,34.99473],[-89.23319,34.99466],[-89.35268,34.99412],[-89.43495,34.99375],[-89.48446,34.99396],[-89.4869,34.99397],[-89.49374,34.99436],[-89.51113,34.99475],[-89.51115,34.99475],[-89.52875,34.99483],[-89.61794,34.99519],[-89.64405,34.99529],[-89.64428,34.99529],[-89.70661,34.99523],[-89.72432,34.99521],[-89.74178,34.99519],[-89.74195,34.99519],[-89.75961,34.99489],[-89.79519,34.99429],[-89.79536,34.99429],[-89.81313,34.99426],[-89.83069,34.99423],[-89.84838,34.99419],[-89.84849,34.99419],[-89.87831,34.99425],[-89.88336,34.99426],[-89.8934,34.99436],[-89.90146,34.99438],[-89.93675,34.9945],[-89.93676,34.9945],[-89.9722,34.99461],[-89.98991,34.99467],[-90.00254,34.99471],[-90.00814,34.99473],[-90.02502,34.99478],[-90.03138,34.9948],[-90.06078,34.99489],[-90.06079,34.99489],[-90.09634,34.99501],[-90.12695,34.99511],[-90.12747,34.99511],[-90.13745,34.99514],[-90.3093,34.99569],[-90.30463,34.98683],[-90.29606,34.97647],[-90.26831,34.95738],[-90.25049,34.95094],[-90.2447,34.94703],[-90.243,34.94012],[-90.24183,34.91566],[-90.24647,34.90339],[-90.25611,34.89455],[-90.27134,34.88687],[-90.28971,34.88332],[-90.3077,34.87647],[-90.31774,34.87106],[-90.31404,34.86371],[-90.30467,34.86029],[-90.30406,34.86007],[-90.30335,34.85195],[-90.3069,34.8467],[-90.31543,34.84434],[-90.32688,34.84865],[-90.33752,34.85765],[-90.35971,34.84438],[-90.38939,34.83067],[-90.40795,34.82683],[-90.41164,34.82606],[-90.42714,34.82614],[-90.4369,34.82554],[-90.44802,34.8416],[-90.43209,34.86136],[-90.42932,34.86685],[-90.43005,34.871],[-90.43745,34.88371],[-90.44829,34.88916],[-90.46123,34.89173],[-90.47018,34.88899],[-90.47832,34.88417],[-90.48445,34.87437],[-90.48477,34.86571],[-90.48156,34.85739],[-90.47348,34.84838],[-90.45712,34.82005],[-90.46854,34.81331],[-90.4733,34.80715],[-90.47664,34.79713],[-90.47041,34.78088],[-90.45179,34.75423],[-90.44799,34.74199],[-90.45538,34.73264],[-90.46284,34.72826],[-90.48333,34.72222],[-90.5,34.72167],[-90.51667,34.72722],[-90.52417,34.73139],[-90.5063,34.74967],[-90.49495,34.75712],[-90.49278,34.7725],[-90.51134,34.79016],[-90.51111,34.79829],[-90.52111,34.80194],[-90.53292,34.8001],[-90.54083,34.79583],[-90.54778,34.78333],[-90.54416,34.76804],[-90.53944,34.75528],[-90.54556,34.73889],[-90.55401,34.73945],[-90.56361,34.73778],[-90.56795,34.73184],[-90.56861,34.72496],[-90.57199,34.7144],[-90.56146,34.71276],[-90.5461,34.7037],[-90.53338,34.69801],[-90.51667,34.69555],[-90.48569,34.70358],[-90.47417,34.70528],[-90.4671,34.69982],[-90.46618,34.69911],[-90.46283,34.68643],[-90.46412,34.68156],[-90.46587,34.67489],[-90.47254,34.66596],[-90.49192,34.65025],[-90.49989,34.64498],[-90.50489,34.63921],[-90.51323,34.63345],[-90.51944,34.62992],[-90.53211,34.62733],[-90.54239,34.62886],[-90.55164,34.63633],[-90.55492,34.64672],[-90.55349,34.65681],[-90.54237,34.67361],[-90.54075,34.68103],[-90.5529,34.69062],[-90.56996,34.69239],[-90.56757,34.68146],[-90.57184,34.66738],[-90.58086,34.65517],[-90.58713,34.64127],[-90.588,34.63934],[-90.59159,34.62101],[-90.58552,34.6085],[-90.57118,34.58946],[-90.55767,34.57693],[-90.54335,34.56217],[-90.53962,34.55392],[-90.54253,34.54015],[-90.55295,34.5313],[-90.56815,34.52463],[-90.5747,34.52176],[-90.58124,34.51567],[-90.58938,34.49694],[-90.59329,34.48793],[-90.5931,34.47732],[-90.5836,34.44301],[-90.57769,34.43245],[-90.58431,34.41219],[-90.59801,34.39819],[-90.6096,34.39159],[-90.62238,34.38947],[-90.63369,34.3899],[-90.64518,34.38683],[-90.65819,34.37614],[-90.66323,34.35224],[-90.66088,34.33669],[-90.65749,34.32223],[-90.66139,34.3154],[-90.67808,34.31309],[-90.686,34.31577],[-90.69313,34.32257],[-90.69224,34.33563],[-90.68652,34.35067],[-90.68272,34.36676],[-90.69033,34.36715],[-90.71193,34.36074],[-90.73368,34.364],[-90.74763,34.36785],[-90.75969,34.3665],[-90.76977,34.35691],[-90.768,34.34617],[-90.74176,34.32003],[-90.73587,34.31069],[-90.73524,34.30095],[-90.73802,34.28928],[-90.75293,34.27461],[-90.76387,34.27022],[-90.76562,34.26951],[-90.78454,34.2716],[-90.78706,34.27232],[-90.81222,34.27951],[-90.82576,34.27989],[-90.83363,34.27407],[-90.83572,34.25598],[-90.84055,34.23454],[-90.83813,34.22],[-90.84586,34.20757],[-90.87912,34.21545],[-90.89658,34.2258],[-90.90492,34.24218],[-90.9101,34.24556],[-90.92315,34.24653],[-90.9364,34.2367],[-90.93522,34.21905],[-90.92554,34.20699],[-90.9118,34.1939],[-90.88788,34.18198],[-90.87745,34.18562],[-90.8694,34.18285],[-90.85441,34.18683],[-90.84476,34.18516],[-90.81749,34.1832],[-90.80914,34.17696],[-90.80756,34.16182],[-90.82259,34.14405],[-90.8361,34.13788],[-90.85347,34.13751],[-90.87069,34.14414],[-90.8991,34.16283],[-90.90996,34.16551],[-90.91734,34.15967],[-90.93661,34.14937],[-90.95706,34.13668],[-90.96104,34.13051],[-90.9586,34.12244],[-90.95661,34.12009],[-90.95558,34.11888],[-90.94769,34.10957],[-90.92129,34.09351],[-90.91471,34.09265],[-90.89928,34.09519],[-90.89321,34.09778],[-90.8828,34.09659],[-90.87427,34.08951],[-90.87108,34.08118],[-90.87451,34.07238],[-90.8881,34.05452],[-90.88658,34.04517],[-90.88809,34.03256],[-90.8926,34.02699],[-90.90795,34.02246],[-90.92621,34.02161],[-90.95911,34.02681],[-90.97108,34.02557],[-90.98806,34.019],[-90.97564,33.99525],[-90.96188,33.98035],[-90.96326,33.96892],[-90.96763,33.96361],[-90.97999,33.96023],[-90.99199,33.96196],[-91.00057,33.96696],[-91.01691,34.00008],[-91.02408,34.00039],[-91.03943,33.99318],[-91.05093,33.99343],[-91.06876,34.00639],[-91.07896,34.00933],[-91.08541,34.0075],[-91.09048,33.99142],[-91.08977,33.96513],[-91.08601,33.95742],[-91.07922,33.9543],[-91.01913,33.94208],[-91.0122,33.93712],[-91.01045,33.92869],[-91.01067,33.92834],[-91.01766,33.91747],[-91.03144,33.90144],[-91.06591,33.87633],[-91.07298,33.86618],[-91.07139,33.84954],[-91.06644,33.838],[-91.04908,33.81603],[-91.0303,33.80726],[-91.00853,33.80282],[-90.99342,33.79422],[-90.99009,33.78661],[-90.98872,33.78349],[-90.99517,33.77254],[-90.99756,33.7714],[-91.00897,33.76597],[-91.02276,33.76431],[-91.03597,33.76902],[-91.05272,33.77793],[-91.07766,33.77432],[-91.10898,33.77198],[-91.11842,33.77924],[-91.12944,33.78373],[-91.13626,33.78103],[-91.14363,33.77017],[-91.14317,33.75369],[-91.14872,33.73213],[-91.12857,33.71109],[-91.11694,33.70527],[-91.10127,33.70503],[-91.07151,33.71522],[-91.05917,33.71452],[-91.04391,33.70325],[-91.0303,33.68334],[-91.03468,33.67288],[-91.07649,33.65902],[-91.08755,33.65739],[-91.10525,33.66291],[-91.12468,33.67155],[-91.13528,33.67886],[-91.16037,33.7066],[-91.16794,33.70317],[-91.17634,33.70181],[-91.2101,33.7005],[-91.2204,33.69654],[-91.22923,33.6863],[-91.2304,33.67557],[-91.22203,33.66271],[-91.20881,33.6561],[-91.18744,33.65457],[-91.17092,33.64916],[-91.13685,33.62623],[-91.12873,33.6092],[-91.13235,33.59553],[-91.14746,33.58097],[-91.16611,33.56971],[-91.18283,33.56717],[-91.2016,33.56897],[-91.22162,33.56862],[-91.23198,33.56454],[-91.23294,33.5611],[-91.23433,33.55611],[-91.22147,33.53308],[-91.21819,33.52939],[-91.21402,33.5247],[-91.18946,33.50952],[-91.18668,33.49967],[-91.19666,33.487],[-91.20549,33.47366],[-91.21033,33.46753],[-91.23058,33.45772],[-91.23383,33.44299],[-91.22982,33.43729],[-91.20647,33.43392],[-91.18261,33.44042],[-91.17185,33.45032],[-91.17131,33.45919],[-91.17485,33.48],[-91.17052,33.49174],[-91.15837,33.49607],[-91.1344,33.48316],[-91.12328,33.47126],[-91.117,33.45459],[-91.11877,33.44649],[-91.13807,33.42723],[-91.14995,33.4265],[-91.17383,33.41779],[-91.19497,33.4181],[-91.20229,33.41685],[-91.20928,33.40669],[-91.20607,33.39984],[-91.18301,33.38564],[-91.16696,33.3799],[-91.14811,33.37879],[-91.13046,33.38463],[-91.09521,33.41823],[-91.09743,33.43401],[-91.08807,33.45038],[-91.07298,33.45582],[-91.059,33.44915],[-91.05892,33.44621],[-91.05883,33.44341],[-91.05839,33.4282],[-91.07049,33.41247],[-91.07405,33.40785],[-91.08041,33.40186],[-91.12344,33.36132],[-91.1416,33.35019],[-91.14159,33.33167],[-91.14158,33.29975],[-91.12566,33.28036],[-91.1281,33.2687],[-91.11729,33.26064],[-91.10688,33.24244],[-91.09639,33.24296],[-91.08533,33.27551],[-91.07644,33.28441],[-91.06096,33.28712],[-91.04829,33.28284],[-91.0437,33.27178],[-91.05303,33.24751],[-91.08123,33.22246],[-91.09911,33.21961],[-91.0813,33.18428],[-91.08005,33.17031],[-91.08451,33.14108],[-91.08989,33.13441],[-91.10973,33.12945],[-91.14678,33.13005],[-91.16098,33.14143],[-91.18403,33.14168],[-91.19584,33.13326],[-91.1964,33.13286],[-91.20211,33.12231],[-91.1996,33.1065],[-91.18009,33.09732],[-91.17187,33.08808],[-91.14906,33.08131],[-91.12387,33.06323],[-91.12043,33.05463],[-91.12672,33.03625],[-91.13743,33.02871],[-91.15426,33.0243],[-91.16321,33.01791],[-91.16554,33.01132],[-91.16668,33.00809],[-91.16609,33.00429],[-91.1662,33.00224],[-91.16897,32.99213],[-91.17331,32.98609],[-91.18216,32.97864],[-91.18698,32.97619],[-91.19743,32.96482],[-91.19965,32.96356],[-91.20184,32.96121],[-91.20203,32.95733],[-91.20119,32.95498],[-91.19942,32.95231],[-91.20744,32.94439],[-91.21071,32.93984],[-91.21282,32.93608],[-91.21403,32.93032],[-91.21397,32.9272],[-91.21284,32.9221],[-91.2116,32.91962],[-91.20826,32.91535],[-91.19978,32.90851],[-91.19679,32.90678],[-91.18163,32.90145],[-91.1754,32.9],[-91.17024,32.89939],[-91.15998,32.89988],[-91.15169,32.90194],[-91.14508,32.90549],[-91.13404,32.91768],[-91.13211,32.92312],[-91.1313,32.92692],[-91.13129,32.93005],[-91.13551,32.94616],[-91.13786,32.95276],[-91.13717,32.95652],[-91.13663,32.95735],[-91.13334,32.95906],[-91.13124,32.96093],[-91.13072,32.96226],[-91.13095,32.96381],[-91.13305,32.96654],[-91.13752,32.96955],[-91.13859,32.97135],[-91.13552,32.97966],[-91.13441,32.98053],[-91.12511,32.98467],[-91.11176,32.98836],[-91.10658,32.98894],[-91.09693,32.98641],[-91.09426,32.98437],[-91.09089,32.98117],[-91.0868,32.97627],[-91.08035,32.96279],[-91.0789,32.95182],[-91.08051,32.95012],[-91.08189,32.94944],[-91.08308,32.94791],[-91.08191,32.94477],[-91.08043,32.94321],[-91.07207,32.93783],[-91.07055,32.93604],[-91.0648,32.92646],[-91.06387,32.92269],[-91.06485,32.91652],[-91.06368,32.90636],[-91.06381,32.90371],[-91.06445,32.90106],[-91.06819,32.89193],[-91.0706,32.88866],[-91.08668,32.87339],[-91.10563,32.8584],[-91.11609,32.85564],[-91.12472,32.85486],[-91.12789,32.85506],[-91.13789,32.84898],[-91.14356,32.84474],[-91.145,32.84287],[-91.1497,32.83122],[-91.15217,32.82667],[-91.15716,32.82382],[-91.15834,32.8223],[-91.16167,32.81247],[-91.16152,32.805],[-91.16141,32.8],[-91.1644,32.78582],[-91.15858,32.7811],[-91.15692,32.78034],[-91.15761,32.77603],[-91.16497,32.76198],[-91.16581,32.75784],[-91.16533,32.7513],[-91.16339,32.74701],[-91.15861,32.74345],[-91.15446,32.74234],[-91.15024,32.74179],[-91.13169,32.74311],[-91.12315,32.7428],[-91.11365,32.73997],[-91.09057,32.7361],[-91.07718,32.73253],[-91.06077,32.72749],[-91.057,32.72558],[-91.05448,32.72226],[-91.05475,32.71923],[-91.05704,32.71258],[-91.06395,32.70293],[-91.07606,32.69375],[-91.08115,32.69113],[-91.09876,32.68529],[-91.10444,32.68243],[-91.11826,32.67408],[-91.12772,32.66534],[-91.13093,32.65887],[-91.13764,32.65062],[-91.13871,32.64977],[-91.14204,32.64926],[-91.14435,32.64803],[-91.14975,32.64404],[-91.15208,32.64151],[-91.1527,32.64076],[-91.15374,32.63523],[-91.15382,32.63128],[-91.15356,32.62618],[-91.15132,32.61592],[-91.1462,32.60414],[-91.14407,32.60061],[-91.14115,32.59721],[-91.13528,32.59165],[-91.12791,32.58649],[-91.12511,32.58519],[-91.11985,32.58479],[-91.11864,32.58514],[-91.11276,32.59019],[-91.1057,32.59088],[-91.08778,32.59707],[-91.07951,32.60068],[-91.06135,32.60537],[-91.0498,32.60719],[-91.0489,32.61356],[-91.04326,32.62078],[-91.04145,32.62514],[-91.0404,32.63252],[-91.03842,32.63644],[-91.03018,32.64405],[-91.02577,32.64657],[-91.01911,32.64384],[-91.01429,32.64048],[-91.00682,32.63126],[-91.0035,32.62485],[-91.00296,32.62255],[-91.003,32.61468],[-91.0046,32.60978],[-91.01023,32.60193],[-91.01372,32.59842],[-91.01623,32.59695],[-91.02294,32.59185],[-91.03099,32.58335],[-91.03617,32.57956],[-91.04345,32.57627],[-91.04931,32.57362],[-91.06935,32.56305],[-91.07021,32.56254],[-91.07651,32.55883],[-91.07085,32.54852],[-91.057,32.53829],[-91.03165,32.52502],[-91.00708,32.51637],[-90.99487,32.50861],[-90.9887,32.50023],[-90.9872,32.49566],[-90.9907,32.48775],[-90.99639,32.48392],[-91.00421,32.48214],[-91.02411,32.48524],[-91.03811,32.49044],[-91.04581,32.49554],[-91.05091,32.50014],[-91.06741,32.52322],[-91.09788,32.54475],[-91.1013,32.5256],[-91.10698,32.51493],[-91.11671,32.50014],[-91.11731,32.49504],[-91.11601,32.48314],[-91.11211,32.47614],[-91.10881,32.47204],[-91.09531,32.45874],[-91.08181,32.45044],[-91.07021,32.44514],[-91.05291,32.43844],[-91.02961,32.43354],[-91.02631,32.43444],[-91.01651,32.44034],[-91.00481,32.44574],[-90.99897,32.45016],[-90.99386,32.45085],[-90.98342,32.44908],[-90.97855,32.44703],[-90.96959,32.43949],[-90.96856,32.43808],[-90.96687,32.4355],[-90.96646,32.43387],[-90.96599,32.42481],[-90.96626,32.42103],[-90.96777,32.41828],[-90.97114,32.41464],[-90.97446,32.412],[-90.98072,32.40824],[-90.99408,32.40386],[-90.99378,32.39678],[-90.99469,32.39228],[-90.99624,32.38806],[-91.00061,32.38164],[-91.00451,32.36814],[-91.00451,32.36474],[-91.00351,32.36214],[-91.00011,32.35769],[-90.99362,32.35405],[-90.98667,32.35176],[-90.95458,32.34586],[-90.94298,32.34596],[-90.9349,32.34497],[-90.92117,32.34207],[-90.91236,32.33945],[-90.90776,32.34361],[-90.89776,32.35436],[-90.89206,32.37058],[-90.88895,32.37325],[-90.87829,32.37455],[-90.87563,32.37243],[-90.87572,32.36978],[-90.8761,32.35775],[-90.87791,32.35469],[-90.88354,32.34517],[-90.88825,32.33722],[-90.89365,32.32809],[-90.90256,32.31959],[-90.90517,32.3155],[-90.90655,32.314],[-90.91616,32.30358],[-90.92223,32.29864],[-90.92345,32.29778],[-90.93399,32.29034],[-90.94783,32.28349],[-90.95135,32.2832],[-90.95301,32.28404],[-90.9554,32.28624],[-90.96117,32.29329],[-90.96308,32.29628],[-90.96415,32.29687],[-90.97164,32.2975],[-90.9746,32.29712],[-90.9762,32.29645],[-90.97947,32.2937],[-90.98075,32.29141],[-90.98408,32.27995],[-90.98298,32.27029],[-90.98103,32.26673],[-90.97966,32.26525],[-90.97134,32.25774],[-90.9694,32.25252],[-90.97002,32.25168],[-90.97614,32.24809],[-90.98029,32.2436],[-90.98314,32.23137],[-90.98326,32.2262],[-90.98338,32.21177],[-90.9903,32.20035],[-90.99139,32.19944],[-90.99395,32.19829],[-90.99701,32.1974],[-91.00008,32.19753],[-91.00225,32.19829],[-91.00354,32.20077],[-91.00501,32.21285],[-91.00291,32.22305],[-91.00611,32.22405],[-91.00961,32.22615],[-91.02151,32.23615],[-91.02661,32.23875],[-91.03431,32.24155],[-91.03901,32.24235],[-91.04651,32.24115],[-91.05031,32.23795],[-91.05181,32.23445],[-91.05311,32.22795],[-91.05511,32.22475],[-91.06141,32.21865],[-91.07111,32.22605],[-91.07511,32.22705],[-91.08371,32.22645],[-91.09211,32.22385],[-91.10041,32.21785],[-91.10851,32.20815],[-91.11301,32.20655],[-91.11408,32.2067],[-91.11727,32.20667],[-91.12404,32.2111],[-91.1285,32.21317],[-91.1302,32.21367],[-91.13359,32.21343],[-91.15803,32.20196],[-91.16206,32.19904],[-91.16417,32.19689],[-91.16807,32.18664],[-91.17105,32.17653],[-91.17366,32.16423],[-91.17455,32.15498],[-91.1735,32.14901],[-91.1717,32.14425],[-91.16545,32.13429],[-91.16282,32.13269],[-91.15504,32.13224],[-91.1444,32.13039],[-91.13657,32.12737],[-91.1314,32.12621],[-91.11387,32.12573],[-91.11129,32.12504],[-91.1037,32.13001],[-91.10118,32.13114],[-91.09166,32.1336],[-91.08163,32.13399],[-91.07704,32.13349],[-91.06908,32.13148],[-91.06155,32.12691],[-91.05317,32.12424],[-91.05121,32.14415],[-91.05021,32.14525],[-91.04851,32.15015],[-91.04971,32.15735],[-91.05571,32.16375],[-91.05891,32.17125],[-91.05765,32.17735],[-91.05021,32.17845],[-91.04181,32.17455],[-91.03191,32.16785],[-91.02501,32.16255],[-91.01661,32.16085],[-91.00619,32.15696],[-91.00411,32.14615],[-91.00501,32.14285],[-91.00641,32.13995],[-91.01181,32.13115],[-91.01761,32.12515],[-91.02001,32.12355],[-91.02701,32.12105],[-91.0308,32.12057],[-91.03091,32.12055],[-91.03071,32.11434],[-91.03051,32.10815],[-91.03471,32.10105],[-91.03861,32.09825],[-91.06668,32.08533],[-91.08001,32.07915],[-91.08151,32.07775],[-91.08171,32.07575],[-91.07911,32.05025],[-91.08021,32.04836],[-91.08231,32.04756],[-91.09871,32.04836],[-91.10371,32.05025],[-91.11431,32.05826],[-91.12411,32.07185],[-91.12861,32.07655],[-91.13491,32.08035],[-91.13931,32.08175],[-91.14511,32.08135],[-91.14881,32.08015],[-91.15581,32.07555],[-91.16031,32.07035],[-91.16161,32.06775],[-91.16201,32.06535],[-91.16201,32.06235],[-91.16131,32.05976],[-91.15901,32.05595],[-91.15631,32.05266],[-91.15141,32.04926],[-91.14511,32.04655],[-91.12511,32.04286],[-91.09551,32.03746],[-91.08811,32.03446],[-91.08441,32.03146],[-91.08261,32.02866],[-91.08081,32.02346],[-91.07993,32.01832],[-91.07591,32.01683],[-91.0901,32.00016],[-91.09611,31.99486],[-91.10411,31.99036],[-91.11741,31.98706],[-91.16441,31.98256],[-91.17021,31.97906],[-91.17741,31.97326],[-91.18481,31.96556],[-91.18831,31.96096],[-91.18911,31.95746],[-91.18881,31.95316],[-91.18951,31.94636],[-91.19321,31.93566],[-91.19291,31.93496],[-91.19111,31.93416],[-91.18471,31.93506],[-91.18371,31.93316],[-91.18463,31.92599],[-91.18491,31.92376],[-91.18111,31.92006],[-91.18061,31.91796],[-91.18321,31.91616],[-91.18921,31.91426],[-91.19081,31.91296],[-91.19261,31.91016],[-91.19381,31.90956],[-91.19751,31.90866],[-91.20101,31.90916],[-91.20281,31.90796],[-91.20511,31.90416],[-91.20881,31.90046],[-91.22695,31.8851],[-91.2349,31.87686],[-91.24814,31.86985],[-91.26441,31.86546],[-91.26651,31.86426],[-91.26771,31.86266],[-91.26901,31.85866],[-91.26881,31.85516],[-91.26811,31.85306],[-91.26661,31.85116],[-91.26114,31.84612],[-91.24562,31.83317],[-91.24505,31.83145],[-91.24737,31.82232],[-91.25011,31.81776],[-91.25561,31.81266],[-91.26201,31.80936],[-91.26921,31.80916],[-91.27671,31.81136],[-91.28021,31.81316],[-91.28221,31.81476],[-91.28491,31.81836],[-91.28781,31.82416],[-91.28941,31.82866],[-91.29014,31.83366],[-91.28931,31.84686],[-91.29341,31.86016],[-91.29471,31.86046],[-91.32691,31.85496],[-91.33381,31.85326],[-91.33841,31.85126],[-91.34301,31.84686],[-91.34571,31.84286],[-91.35951,31.79936],[-91.36371,31.78036],[-91.36468,31.77034],[-91.34856,31.76584],[-91.32223,31.7677],[-91.30132,31.76675],[-91.28605,31.77206],[-91.27387,31.77118],[-91.26628,31.76824],[-91.26304,31.767],[-91.25961,31.76129],[-91.26341,31.75447],[-91.27554,31.74552],[-91.29172,31.74526],[-91.31658,31.74531],[-91.31858,31.74532],[-91.33467,31.74407],[-91.35514,31.74158],[-91.38008,31.73276],[-91.38092,31.73246],[-91.39711,31.71136],[-91.39791,31.70936],[-91.40001,31.69786],[-91.40011,31.68816],[-91.39802,31.66267],[-91.39571,31.64417],[-91.39611,31.63927],[-91.39831,31.62627],[-91.40102,31.62036],[-91.4165,31.61313],[-91.42112,31.61156],[-91.42962,31.61136],[-91.43672,31.61266],[-91.46382,31.62036],[-91.47432,31.62536],[-91.47982,31.62897],[-91.48262,31.63156],[-91.48752,31.63706],[-91.49003,31.641],[-91.49275,31.64428],[-91.49448,31.64501],[-91.49766,31.64537],[-91.49928,31.64466],[-91.50731,31.63907],[-91.51234,31.63472],[-91.51546,31.63037],[-91.51666,31.62733],[-91.51792,31.61864],[-91.51723,31.61346],[-91.51657,31.61182],[-91.51482,31.60939],[-91.51301,31.60688],[-91.50278,31.59573],[-91.49412,31.59016],[-91.48862,31.58747],[-91.48522,31.58617],[-91.47942,31.58547],[-91.46715,31.58603],[-91.46632,31.58607],[-91.45752,31.58757],[-91.43632,31.59496],[-91.43072,31.59646],[-91.42272,31.59707],[-91.41711,31.59626],[-91.41302,31.59537],[-91.40391,31.58977],[-91.40542,31.57647],[-91.40662,31.57197],[-91.40777,31.56965],[-91.40792,31.56937],[-91.41491,31.56217],[-91.41985,31.5589],[-91.42642,31.55457],[-91.43762,31.54617],[-91.44392,31.54247],[-91.45002,31.53967],[-91.47972,31.53037],[-91.48132,31.53067],[-91.48392,31.53257],[-91.48962,31.53427],[-91.50012,31.53262],[-91.50672,31.53297],[-91.51122,31.53261],[-91.51396,31.53208],[-91.51581,31.53089],[-91.51804,31.52813],[-91.52144,31.52391],[-91.52254,31.52208],[-91.52292,31.51984],[-91.52286,31.51749],[-91.52058,31.51321],[-91.51676,31.51177],[-91.51492,31.51011],[-91.51516,31.50338],[-91.51714,31.49839],[-91.51815,31.48348],[-91.517,31.46057],[-91.51513,31.44921],[-91.51337,31.4444],[-91.51036,31.43893],[-91.50642,31.43146],[-91.50005,31.42052],[-91.49004,31.41272],[-91.48023,31.40439],[-91.47693,31.3978],[-91.47207,31.39592],[-91.47215,31.39143],[-91.47199,31.38214],[-91.4711,31.37692],[-91.47246,31.37133],[-91.47887,31.36495],[-91.50416,31.36495],[-91.50808,31.36628],[-91.51598,31.37029],[-91.52184,31.37517],[-91.52695,31.38086],[-91.53234,31.39027],[-91.53946,31.41402],[-91.5395,31.41791],[-91.537,31.42318],[-91.53714,31.42416],[-91.54065,31.43076],[-91.54163,31.43171],[-91.54501,31.43303],[-91.54846,31.43267],[-91.55275,31.43069],[-91.55481,31.42857],[-91.56518,31.42345],[-91.57009,31.41949],[-91.57627,31.4105],[-91.57825,31.40386],[-91.57833,31.39907],[-91.57393,31.39089],[-91.57123,31.38466],[-91.56895,31.37763],[-91.56256,31.38322],[-91.56052,31.38456],[-91.55568,31.38641],[-91.55243,31.38566],[-91.54621,31.38248],[-91.54661,31.3812],[-91.54991,31.37632],[-91.551,31.36365],[-91.55087,31.36057],[-91.54889,31.354],[-91.54897,31.34726],[-91.54562,31.34376],[-91.53606,31.33835],[-91.53321,31.33322],[-91.53166,31.3318],[-91.51851,31.32333],[-91.51005,31.31682],[-91.50866,31.31513],[-91.50798,31.31294],[-91.5083,31.29583],[-91.50886,31.29164],[-91.51208,31.28418],[-91.51561,31.27821],[-91.51858,31.27528],[-91.53773,31.26737],[-91.55391,31.26305],[-91.56419,31.26163],[-91.57449,31.26129],[-91.58775,31.26256],[-91.60667,31.2659],[-91.62136,31.26781],[-91.63767,31.26768],[-91.64125,31.26692],[-91.64867,31.26224],[-91.65137,31.25953],[-91.65403,31.25575],[-91.65501,31.25182]]]]}}]}
